date_id,full_date,year,year_name,quarter_of_year,quarter_name,month_of_year,month_name,month_abbr,week_of_year,week_of_month,day_of_month,day_of_week,day_name,is_weekday,is_holiday,holiday_name,economic_period,fiscal_year,fiscal_quarter,year_sort,quarter_sort,month_sort
20190101,1/1/2019,2019,2019,1,Q1 2019,1,January,Jan,1,1,1,3,Tuesday,1,1,New Year's Day,Pre-Pandemic,2019,FY19 Q1,2019,20191,201901
20190102,1/2/2019,2019,2019,1,Q1 2019,1,January,Jan,1,1,2,4,Wednesday,1,0,,Pre-Pandemic,2019,FY19 Q1,2019,20191,201901
20190103,1/3/2019,2019,2019,1,Q1 2019,1,January,Jan,1,1,3,5,Thursday,1,0,,Pre-Pandemic,2019,FY19 Q1,2019,20191,201901
20190104,1/4/2019,2019,2019,1,Q1 2019,1,January,Jan,1,1,4,6,Friday,1,0,,Pre-Pandemic,2019,FY19 Q1,2019,20191,201901
20190105,1/5/2019,2019,2019,1,Q1 2019,1,January,Jan,1,1,5,7,Saturday,0,0,,Pre-Pandemic,2019,FY19 Q1,2019,20191,201901
20190106,1/6/2019,2019,2019,1,Q1 2019,1,January,Jan,1,1,6,1,Sunday,0,0,,Pre-Pandemic,2019,FY19 Q1,2019,20191,201901
20190107,1/7/2019,2019,2019,1,Q1 2019,1,January,Jan,2,1,7,2,Monday,1,0,,Pre-Pandemic,2019,FY19 Q1,2019,20191,201901
20190108,1/8/2019,2019,2019,1,Q1 2019,1,January,Jan,2,2,8,3,Tuesday,1,0,,Pre-Pandemic,2019,FY19 Q1,2019,20191,201901
20190109,1/9/2019,2019,2019,1,Q1 2019,1,January,Jan,2,2,9,4,Wednesday,1,0,,Pre-Pandemic,2019,FY19 Q1,2019,20191,201901
20190110,1/10/2019,2019,2019,1,Q1 2019,1,January,Jan,2,2,10,5,Thursday,1,0,,Pre-Pandemic,2019,FY19 Q1,2019,20191,201901
20190111,1/11/2019,2019,2019,1,Q1 2019,1,January,Jan,2,2,11,6,Friday,1,0,,Pre-Pandemic,2019,FY19 Q1,2019,20191,201901
20190112,1/12/2019,2019,2019,1,Q1 2019,1,January,Jan,2,2,12,7,Saturday,0,0,,Pre-Pandemic,2019,FY19 Q1,2019,20191,201901
20190113,1/13/2019,2019,2019,1,Q1 2019,1,January,Jan,2,2,13,1,Sunday,0,0,,Pre-Pandemic,2019,FY19 Q1,2019,20191,201901
20190114,1/14/2019,2019,2019,1,Q1 2019,1,January,Jan,3,2,14,2,Monday,1,0,,Pre-Pandemic,2019,FY19 Q1,2019,20191,201901
20190115,1/15/2019,2019,2019,1,Q1 2019,1,January,Jan,3,3,15,3,Tuesday,1,0,,Pre-Pandemic,2019,FY19 Q1,2019,20191,201901
20190116,1/16/2019,2019,2019,1,Q1 2019,1,January,Jan,3,3,16,4,Wednesday,1,0,,Pre-Pandemic,2019,FY19 Q1,2019,20191,201901
20190117,1/17/2019,2019,2019,1,Q1 2019,1,January,Jan,3,3,17,5,Thursday,1,0,,Pre-Pandemic,2019,FY19 Q1,2019,20191,201901
20190118,1/18/2019,2019,2019,1,Q1 2019,1,January,Jan,3,3,18,6,Friday,1,0,,Pre-Pandemic,2019,FY19 Q1,2019,20191,201901
20190119,1/19/2019,2019,2019,1,Q1 2019,1,January,Jan,3,3,19,7,Saturday,0,0,,Pre-Pandemic,2019,FY19 Q1,2019,20191,201901
20190120,1/20/2019,2019,2019,1,Q1 2019,1,January,Jan,3,3,20,1,Sunday,0,0,,Pre-Pandemic,2019,FY19 Q1,2019,20191,201901
20190121,1/21/2019,2019,2019,1,Q1 2019,1,January,Jan,4,3,21,2,Monday,1,1,Martin Luther King Jr. Day,Pre-Pandemic,2019,FY19 Q1,2019,20191,201901
20190122,1/22/2019,2019,2019,1,Q1 2019,1,January,Jan,4,4,22,3,Tuesday,1,0,,Pre-Pandemic,2019,FY19 Q1,2019,20191,201901
20190123,1/23/2019,2019,2019,1,Q1 2019,1,January,Jan,4,4,23,4,Wednesday,1,0,,Pre-Pandemic,2019,FY19 Q1,2019,20191,201901
20190124,1/24/2019,2019,2019,1,Q1 2019,1,January,Jan,4,4,24,5,Thursday,1,0,,Pre-Pandemic,2019,FY19 Q1,2019,20191,201901
20190125,1/25/2019,2019,2019,1,Q1 2019,1,January,Jan,4,4,25,6,Friday,1,0,,Pre-Pandemic,2019,FY19 Q1,2019,20191,201901
20190126,1/26/2019,2019,2019,1,Q1 2019,1,January,Jan,4,4,26,7,Saturday,0,0,,Pre-Pandemic,2019,FY19 Q1,2019,20191,201901
20190127,1/27/2019,2019,2019,1,Q1 2019,1,January,Jan,4,4,27,1,Sunday,0,0,,Pre-Pandemic,2019,FY19 Q1,2019,20191,201901
20190128,1/28/2019,2019,2019,1,Q1 2019,1,January,Jan,5,4,28,2,Monday,1,0,,Pre-Pandemic,2019,FY19 Q1,2019,20191,201901
20190129,1/29/2019,2019,2019,1,Q1 2019,1,January,Jan,5,5,29,3,Tuesday,1,0,,Pre-Pandemic,2019,FY19 Q1,2019,20191,201901
20190130,1/30/2019,2019,2019,1,Q1 2019,1,January,Jan,5,5,30,4,Wednesday,1,0,,Pre-Pandemic,2019,FY19 Q1,2019,20191,201901
20190131,1/31/2019,2019,2019,1,Q1 2019,1,January,Jan,5,5,31,5,Thursday,1,0,,Pre-Pandemic,2019,FY19 Q1,2019,20191,201901
20190201,2/1/2019,2019,2019,1,Q1 2019,2,February,Feb,5,1,1,6,Friday,1,0,,Pre-Pandemic,2019,FY19 Q1,2019,20191,201902
20190202,2/2/2019,2019,2019,1,Q1 2019,2,February,Feb,5,1,2,7,Saturday,0,0,,Pre-Pandemic,2019,FY19 Q1,2019,20191,201902
20190203,2/3/2019,2019,2019,1,Q1 2019,2,February,Feb,5,1,3,1,Sunday,0,0,,Pre-Pandemic,2019,FY19 Q1,2019,20191,201902
20190204,2/4/2019,2019,2019,1,Q1 2019,2,February,Feb,6,1,4,2,Monday,1,0,,Pre-Pandemic,2019,FY19 Q1,2019,20191,201902
20190205,2/5/2019,2019,2019,1,Q1 2019,2,February,Feb,6,1,5,3,Tuesday,1,0,,Pre-Pandemic,2019,FY19 Q1,2019,20191,201902
20190206,2/6/2019,2019,2019,1,Q1 2019,2,February,Feb,6,1,6,4,Wednesday,1,0,,Pre-Pandemic,2019,FY19 Q1,2019,20191,201902
20190207,2/7/2019,2019,2019,1,Q1 2019,2,February,Feb,6,1,7,5,Thursday,1,0,,Pre-Pandemic,2019,FY19 Q1,2019,20191,201902
20190208,2/8/2019,2019,2019,1,Q1 2019,2,February,Feb,6,2,8,6,Friday,1,0,,Pre-Pandemic,2019,FY19 Q1,2019,20191,201902
20190209,2/9/2019,2019,2019,1,Q1 2019,2,February,Feb,6,2,9,7,Saturday,0,0,,Pre-Pandemic,2019,FY19 Q1,2019,20191,201902
20190210,2/10/2019,2019,2019,1,Q1 2019,2,February,Feb,6,2,10,1,Sunday,0,0,,Pre-Pandemic,2019,FY19 Q1,2019,20191,201902
20190211,2/11/2019,2019,2019,1,Q1 2019,2,February,Feb,7,2,11,2,Monday,1,0,,Pre-Pandemic,2019,FY19 Q1,2019,20191,201902
20190212,2/12/2019,2019,2019,1,Q1 2019,2,February,Feb,7,2,12,3,Tuesday,1,0,,Pre-Pandemic,2019,FY19 Q1,2019,20191,201902
20190213,2/13/2019,2019,2019,1,Q1 2019,2,February,Feb,7,2,13,4,Wednesday,1,0,,Pre-Pandemic,2019,FY19 Q1,2019,20191,201902
20190214,2/14/2019,2019,2019,1,Q1 2019,2,February,Feb,7,2,14,5,Thursday,1,0,,Pre-Pandemic,2019,FY19 Q1,2019,20191,201902
20190215,2/15/2019,2019,2019,1,Q1 2019,2,February,Feb,7,3,15,6,Friday,1,0,,Pre-Pandemic,2019,FY19 Q1,2019,20191,201902
20190216,2/16/2019,2019,2019,1,Q1 2019,2,February,Feb,7,3,16,7,Saturday,0,0,,Pre-Pandemic,2019,FY19 Q1,2019,20191,201902
20190217,2/17/2019,2019,2019,1,Q1 2019,2,February,Feb,7,3,17,1,Sunday,0,0,,Pre-Pandemic,2019,FY19 Q1,2019,20191,201902
20190218,2/18/2019,2019,2019,1,Q1 2019,2,February,Feb,8,3,18,2,Monday,1,1,Presidents Day,Pre-Pandemic,2019,FY19 Q1,2019,20191,201902
20190219,2/19/2019,2019,2019,1,Q1 2019,2,February,Feb,8,3,19,3,Tuesday,1,0,,Pre-Pandemic,2019,FY19 Q1,2019,20191,201902
20190220,2/20/2019,2019,2019,1,Q1 2019,2,February,Feb,8,3,20,4,Wednesday,1,0,,Pre-Pandemic,2019,FY19 Q1,2019,20191,201902
20190221,2/21/2019,2019,2019,1,Q1 2019,2,February,Feb,8,3,21,5,Thursday,1,0,,Pre-Pandemic,2019,FY19 Q1,2019,20191,201902
20190222,2/22/2019,2019,2019,1,Q1 2019,2,February,Feb,8,4,22,6,Friday,1,0,,Pre-Pandemic,2019,FY19 Q1,2019,20191,201902
20190223,2/23/2019,2019,2019,1,Q1 2019,2,February,Feb,8,4,23,7,Saturday,0,0,,Pre-Pandemic,2019,FY19 Q1,2019,20191,201902
20190224,2/24/2019,2019,2019,1,Q1 2019,2,February,Feb,8,4,24,1,Sunday,0,0,,Pre-Pandemic,2019,FY19 Q1,2019,20191,201902
20190225,2/25/2019,2019,2019,1,Q1 2019,2,February,Feb,9,4,25,2,Monday,1,0,,Pre-Pandemic,2019,FY19 Q1,2019,20191,201902
20190226,2/26/2019,2019,2019,1,Q1 2019,2,February,Feb,9,4,26,3,Tuesday,1,0,,Pre-Pandemic,2019,FY19 Q1,2019,20191,201902
20190227,2/27/2019,2019,2019,1,Q1 2019,2,February,Feb,9,4,27,4,Wednesday,1,0,,Pre-Pandemic,2019,FY19 Q1,2019,20191,201902
20190228,2/28/2019,2019,2019,1,Q1 2019,2,February,Feb,9,4,28,5,Thursday,1,0,,Pre-Pandemic,2019,FY19 Q1,2019,20191,201902
20190301,3/1/2019,2019,2019,1,Q1 2019,3,March,Mar,9,1,1,6,Friday,1,0,,Pre-Pandemic,2019,FY19 Q1,2019,20191,201903
20190302,3/2/2019,2019,2019,1,Q1 2019,3,March,Mar,9,1,2,7,Saturday,0,0,,Pre-Pandemic,2019,FY19 Q1,2019,20191,201903
20190303,3/3/2019,2019,2019,1,Q1 2019,3,March,Mar,9,1,3,1,Sunday,0,0,,Pre-Pandemic,2019,FY19 Q1,2019,20191,201903
20190304,3/4/2019,2019,2019,1,Q1 2019,3,March,Mar,10,1,4,2,Monday,1,0,,Pre-Pandemic,2019,FY19 Q1,2019,20191,201903
20190305,3/5/2019,2019,2019,1,Q1 2019,3,March,Mar,10,1,5,3,Tuesday,1,0,,Pre-Pandemic,2019,FY19 Q1,2019,20191,201903
20190306,3/6/2019,2019,2019,1,Q1 2019,3,March,Mar,10,1,6,4,Wednesday,1,0,,Pre-Pandemic,2019,FY19 Q1,2019,20191,201903
20190307,3/7/2019,2019,2019,1,Q1 2019,3,March,Mar,10,1,7,5,Thursday,1,0,,Pre-Pandemic,2019,FY19 Q1,2019,20191,201903
20190308,3/8/2019,2019,2019,1,Q1 2019,3,March,Mar,10,2,8,6,Friday,1,0,,Pre-Pandemic,2019,FY19 Q1,2019,20191,201903
20190309,3/9/2019,2019,2019,1,Q1 2019,3,March,Mar,10,2,9,7,Saturday,0,0,,Pre-Pandemic,2019,FY19 Q1,2019,20191,201903
20190310,3/10/2019,2019,2019,1,Q1 2019,3,March,Mar,10,2,10,1,Sunday,0,0,,Pre-Pandemic,2019,FY19 Q1,2019,20191,201903
20190311,3/11/2019,2019,2019,1,Q1 2019,3,March,Mar,11,2,11,2,Monday,1,0,,Pre-Pandemic,2019,FY19 Q1,2019,20191,201903
20190312,3/12/2019,2019,2019,1,Q1 2019,3,March,Mar,11,2,12,3,Tuesday,1,0,,Pre-Pandemic,2019,FY19 Q1,2019,20191,201903
20190313,3/13/2019,2019,2019,1,Q1 2019,3,March,Mar,11,2,13,4,Wednesday,1,0,,Pre-Pandemic,2019,FY19 Q1,2019,20191,201903
20190314,3/14/2019,2019,2019,1,Q1 2019,3,March,Mar,11,2,14,5,Thursday,1,0,,Pre-Pandemic,2019,FY19 Q1,2019,20191,201903
20190315,3/15/2019,2019,2019,1,Q1 2019,3,March,Mar,11,3,15,6,Friday,1,0,,Pre-Pandemic,2019,FY19 Q1,2019,20191,201903
20190316,3/16/2019,2019,2019,1,Q1 2019,3,March,Mar,11,3,16,7,Saturday,0,0,,Pre-Pandemic,2019,FY19 Q1,2019,20191,201903
20190317,3/17/2019,2019,2019,1,Q1 2019,3,March,Mar,11,3,17,1,Sunday,0,0,,Pre-Pandemic,2019,FY19 Q1,2019,20191,201903
20190318,3/18/2019,2019,2019,1,Q1 2019,3,March,Mar,12,3,18,2,Monday,1,0,,Pre-Pandemic,2019,FY19 Q1,2019,20191,201903
20190319,3/19/2019,2019,2019,1,Q1 2019,3,March,Mar,12,3,19,3,Tuesday,1,0,,Pre-Pandemic,2019,FY19 Q1,2019,20191,201903
20190320,3/20/2019,2019,2019,1,Q1 2019,3,March,Mar,12,3,20,4,Wednesday,1,0,,Pre-Pandemic,2019,FY19 Q1,2019,20191,201903
20190321,3/21/2019,2019,2019,1,Q1 2019,3,March,Mar,12,3,21,5,Thursday,1,0,,Pre-Pandemic,2019,FY19 Q1,2019,20191,201903
20190322,3/22/2019,2019,2019,1,Q1 2019,3,March,Mar,12,4,22,6,Friday,1,0,,Pre-Pandemic,2019,FY19 Q1,2019,20191,201903
20190323,3/23/2019,2019,2019,1,Q1 2019,3,March,Mar,12,4,23,7,Saturday,0,0,,Pre-Pandemic,2019,FY19 Q1,2019,20191,201903
20190324,3/24/2019,2019,2019,1,Q1 2019,3,March,Mar,12,4,24,1,Sunday,0,0,,Pre-Pandemic,2019,FY19 Q1,2019,20191,201903
20190325,3/25/2019,2019,2019,1,Q1 2019,3,March,Mar,13,4,25,2,Monday,1,0,,Pre-Pandemic,2019,FY19 Q1,2019,20191,201903
20190326,3/26/2019,2019,2019,1,Q1 2019,3,March,Mar,13,4,26,3,Tuesday,1,0,,Pre-Pandemic,2019,FY19 Q1,2019,20191,201903
20190327,3/27/2019,2019,2019,1,Q1 2019,3,March,Mar,13,4,27,4,Wednesday,1,0,,Pre-Pandemic,2019,FY19 Q1,2019,20191,201903
20190328,3/28/2019,2019,2019,1,Q1 2019,3,March,Mar,13,4,28,5,Thursday,1,0,,Pre-Pandemic,2019,FY19 Q1,2019,20191,201903
20190329,3/29/2019,2019,2019,1,Q1 2019,3,March,Mar,13,5,29,6,Friday,1,0,,Pre-Pandemic,2019,FY19 Q1,2019,20191,201903
20190330,3/30/2019,2019,2019,1,Q1 2019,3,March,Mar,13,5,30,7,Saturday,0,0,,Pre-Pandemic,2019,FY19 Q1,2019,20191,201903
20190331,3/31/2019,2019,2019,1,Q1 2019,3,March,Mar,13,5,31,1,Sunday,0,0,,Pre-Pandemic,2019,FY19 Q1,2019,20191,201903
20190401,4/1/2019,2019,2019,2,Q2 2019,4,April,Apr,14,1,1,2,Monday,1,0,,Pre-Pandemic,2019,FY19 Q2,2019,20192,201904
20190402,4/2/2019,2019,2019,2,Q2 2019,4,April,Apr,14,1,2,3,Tuesday,1,0,,Pre-Pandemic,2019,FY19 Q2,2019,20192,201904
20190403,4/3/2019,2019,2019,2,Q2 2019,4,April,Apr,14,1,3,4,Wednesday,1,0,,Pre-Pandemic,2019,FY19 Q2,2019,20192,201904
20190404,4/4/2019,2019,2019,2,Q2 2019,4,April,Apr,14,1,4,5,Thursday,1,0,,Pre-Pandemic,2019,FY19 Q2,2019,20192,201904
20190405,4/5/2019,2019,2019,2,Q2 2019,4,April,Apr,14,1,5,6,Friday,1,0,,Pre-Pandemic,2019,FY19 Q2,2019,20192,201904
20190406,4/6/2019,2019,2019,2,Q2 2019,4,April,Apr,14,1,6,7,Saturday,0,0,,Pre-Pandemic,2019,FY19 Q2,2019,20192,201904
20190407,4/7/2019,2019,2019,2,Q2 2019,4,April,Apr,14,1,7,1,Sunday,0,0,,Pre-Pandemic,2019,FY19 Q2,2019,20192,201904
20190408,4/8/2019,2019,2019,2,Q2 2019,4,April,Apr,15,2,8,2,Monday,1,0,,Pre-Pandemic,2019,FY19 Q2,2019,20192,201904
20190409,4/9/2019,2019,2019,2,Q2 2019,4,April,Apr,15,2,9,3,Tuesday,1,0,,Pre-Pandemic,2019,FY19 Q2,2019,20192,201904
20190410,4/10/2019,2019,2019,2,Q2 2019,4,April,Apr,15,2,10,4,Wednesday,1,0,,Pre-Pandemic,2019,FY19 Q2,2019,20192,201904
20190411,4/11/2019,2019,2019,2,Q2 2019,4,April,Apr,15,2,11,5,Thursday,1,0,,Pre-Pandemic,2019,FY19 Q2,2019,20192,201904
20190412,4/12/2019,2019,2019,2,Q2 2019,4,April,Apr,15,2,12,6,Friday,1,0,,Pre-Pandemic,2019,FY19 Q2,2019,20192,201904
20190413,4/13/2019,2019,2019,2,Q2 2019,4,April,Apr,15,2,13,7,Saturday,0,0,,Pre-Pandemic,2019,FY19 Q2,2019,20192,201904
20190414,4/14/2019,2019,2019,2,Q2 2019,4,April,Apr,15,2,14,1,Sunday,0,0,,Pre-Pandemic,2019,FY19 Q2,2019,20192,201904
20190415,4/15/2019,2019,2019,2,Q2 2019,4,April,Apr,16,3,15,2,Monday,1,0,,Pre-Pandemic,2019,FY19 Q2,2019,20192,201904
20190416,4/16/2019,2019,2019,2,Q2 2019,4,April,Apr,16,3,16,3,Tuesday,1,0,,Pre-Pandemic,2019,FY19 Q2,2019,20192,201904
20190417,4/17/2019,2019,2019,2,Q2 2019,4,April,Apr,16,3,17,4,Wednesday,1,0,,Pre-Pandemic,2019,FY19 Q2,2019,20192,201904
20190418,4/18/2019,2019,2019,2,Q2 2019,4,April,Apr,16,3,18,5,Thursday,1,0,,Pre-Pandemic,2019,FY19 Q2,2019,20192,201904
20190419,4/19/2019,2019,2019,2,Q2 2019,4,April,Apr,16,3,19,6,Friday,1,0,,Pre-Pandemic,2019,FY19 Q2,2019,20192,201904
20190420,4/20/2019,2019,2019,2,Q2 2019,4,April,Apr,16,3,20,7,Saturday,0,0,,Pre-Pandemic,2019,FY19 Q2,2019,20192,201904
20190421,4/21/2019,2019,2019,2,Q2 2019,4,April,Apr,16,3,21,1,Sunday,0,0,,Pre-Pandemic,2019,FY19 Q2,2019,20192,201904
20190422,4/22/2019,2019,2019,2,Q2 2019,4,April,Apr,17,4,22,2,Monday,1,0,,Pre-Pandemic,2019,FY19 Q2,2019,20192,201904
20190423,4/23/2019,2019,2019,2,Q2 2019,4,April,Apr,17,4,23,3,Tuesday,1,0,,Pre-Pandemic,2019,FY19 Q2,2019,20192,201904
20190424,4/24/2019,2019,2019,2,Q2 2019,4,April,Apr,17,4,24,4,Wednesday,1,0,,Pre-Pandemic,2019,FY19 Q2,2019,20192,201904
20190425,4/25/2019,2019,2019,2,Q2 2019,4,April,Apr,17,4,25,5,Thursday,1,0,,Pre-Pandemic,2019,FY19 Q2,2019,20192,201904
20190426,4/26/2019,2019,2019,2,Q2 2019,4,April,Apr,17,4,26,6,Friday,1,0,,Pre-Pandemic,2019,FY19 Q2,2019,20192,201904
20190427,4/27/2019,2019,2019,2,Q2 2019,4,April,Apr,17,4,27,7,Saturday,0,0,,Pre-Pandemic,2019,FY19 Q2,2019,20192,201904
20190428,4/28/2019,2019,2019,2,Q2 2019,4,April,Apr,17,4,28,1,Sunday,0,0,,Pre-Pandemic,2019,FY19 Q2,2019,20192,201904
20190429,4/29/2019,2019,2019,2,Q2 2019,4,April,Apr,18,5,29,2,Monday,1,0,,Pre-Pandemic,2019,FY19 Q2,2019,20192,201904
20190430,4/30/2019,2019,2019,2,Q2 2019,4,April,Apr,18,5,30,3,Tuesday,1,0,,Pre-Pandemic,2019,FY19 Q2,2019,20192,201904
20190501,5/1/2019,2019,2019,2,Q2 2019,5,May,May,18,1,1,4,Wednesday,1,0,,Pre-Pandemic,2019,FY19 Q2,2019,20192,201905
20190502,5/2/2019,2019,2019,2,Q2 2019,5,May,May,18,1,2,5,Thursday,1,0,,Pre-Pandemic,2019,FY19 Q2,2019,20192,201905
20190503,5/3/2019,2019,2019,2,Q2 2019,5,May,May,18,1,3,6,Friday,1,0,,Pre-Pandemic,2019,FY19 Q2,2019,20192,201905
20190504,5/4/2019,2019,2019,2,Q2 2019,5,May,May,18,1,4,7,Saturday,0,0,,Pre-Pandemic,2019,FY19 Q2,2019,20192,201905
20190505,5/5/2019,2019,2019,2,Q2 2019,5,May,May,18,1,5,1,Sunday,0,0,,Pre-Pandemic,2019,FY19 Q2,2019,20192,201905
20190506,5/6/2019,2019,2019,2,Q2 2019,5,May,May,19,1,6,2,Monday,1,0,,Pre-Pandemic,2019,FY19 Q2,2019,20192,201905
20190507,5/7/2019,2019,2019,2,Q2 2019,5,May,May,19,1,7,3,Tuesday,1,0,,Pre-Pandemic,2019,FY19 Q2,2019,20192,201905
20190508,5/8/2019,2019,2019,2,Q2 2019,5,May,May,19,2,8,4,Wednesday,1,0,,Pre-Pandemic,2019,FY19 Q2,2019,20192,201905
20190509,5/9/2019,2019,2019,2,Q2 2019,5,May,May,19,2,9,5,Thursday,1,0,,Pre-Pandemic,2019,FY19 Q2,2019,20192,201905
20190510,5/10/2019,2019,2019,2,Q2 2019,5,May,May,19,2,10,6,Friday,1,0,,Pre-Pandemic,2019,FY19 Q2,2019,20192,201905
20190511,5/11/2019,2019,2019,2,Q2 2019,5,May,May,19,2,11,7,Saturday,0,0,,Pre-Pandemic,2019,FY19 Q2,2019,20192,201905
20190512,5/12/2019,2019,2019,2,Q2 2019,5,May,May,19,2,12,1,Sunday,0,0,,Pre-Pandemic,2019,FY19 Q2,2019,20192,201905
20190513,5/13/2019,2019,2019,2,Q2 2019,5,May,May,20,2,13,2,Monday,1,0,,Pre-Pandemic,2019,FY19 Q2,2019,20192,201905
20190514,5/14/2019,2019,2019,2,Q2 2019,5,May,May,20,2,14,3,Tuesday,1,0,,Pre-Pandemic,2019,FY19 Q2,2019,20192,201905
20190515,5/15/2019,2019,2019,2,Q2 2019,5,May,May,20,3,15,4,Wednesday,1,0,,Pre-Pandemic,2019,FY19 Q2,2019,20192,201905
20190516,5/16/2019,2019,2019,2,Q2 2019,5,May,May,20,3,16,5,Thursday,1,0,,Pre-Pandemic,2019,FY19 Q2,2019,20192,201905
20190517,5/17/2019,2019,2019,2,Q2 2019,5,May,May,20,3,17,6,Friday,1,0,,Pre-Pandemic,2019,FY19 Q2,2019,20192,201905
20190518,5/18/2019,2019,2019,2,Q2 2019,5,May,May,20,3,18,7,Saturday,0,0,,Pre-Pandemic,2019,FY19 Q2,2019,20192,201905
20190519,5/19/2019,2019,2019,2,Q2 2019,5,May,May,20,3,19,1,Sunday,0,0,,Pre-Pandemic,2019,FY19 Q2,2019,20192,201905
20190520,5/20/2019,2019,2019,2,Q2 2019,5,May,May,21,3,20,2,Monday,1,0,,Pre-Pandemic,2019,FY19 Q2,2019,20192,201905
20190521,5/21/2019,2019,2019,2,Q2 2019,5,May,May,21,3,21,3,Tuesday,1,0,,Pre-Pandemic,2019,FY19 Q2,2019,20192,201905
20190522,5/22/2019,2019,2019,2,Q2 2019,5,May,May,21,4,22,4,Wednesday,1,0,,Pre-Pandemic,2019,FY19 Q2,2019,20192,201905
20190523,5/23/2019,2019,2019,2,Q2 2019,5,May,May,21,4,23,5,Thursday,1,0,,Pre-Pandemic,2019,FY19 Q2,2019,20192,201905
20190524,5/24/2019,2019,2019,2,Q2 2019,5,May,May,21,4,24,6,Friday,1,0,,Pre-Pandemic,2019,FY19 Q2,2019,20192,201905
20190525,5/25/2019,2019,2019,2,Q2 2019,5,May,May,21,4,25,7,Saturday,0,0,,Pre-Pandemic,2019,FY19 Q2,2019,20192,201905
20190526,5/26/2019,2019,2019,2,Q2 2019,5,May,May,21,4,26,1,Sunday,0,0,,Pre-Pandemic,2019,FY19 Q2,2019,20192,201905
20190527,5/27/2019,2019,2019,2,Q2 2019,5,May,May,22,4,27,2,Monday,1,1,Memorial Day,Pre-Pandemic,2019,FY19 Q2,2019,20192,201905
20190528,5/28/2019,2019,2019,2,Q2 2019,5,May,May,22,4,28,3,Tuesday,1,0,,Pre-Pandemic,2019,FY19 Q2,2019,20192,201905
20190529,5/29/2019,2019,2019,2,Q2 2019,5,May,May,22,5,29,4,Wednesday,1,0,,Pre-Pandemic,2019,FY19 Q2,2019,20192,201905
20190530,5/30/2019,2019,2019,2,Q2 2019,5,May,May,22,5,30,5,Thursday,1,0,,Pre-Pandemic,2019,FY19 Q2,2019,20192,201905
20190531,5/31/2019,2019,2019,2,Q2 2019,5,May,May,22,5,31,6,Friday,1,0,,Pre-Pandemic,2019,FY19 Q2,2019,20192,201905
20190601,6/1/2019,2019,2019,2,Q2 2019,6,June,Jun,22,1,1,7,Saturday,0,0,,Pre-Pandemic,2019,FY19 Q2,2019,20192,201906
20190602,6/2/2019,2019,2019,2,Q2 2019,6,June,Jun,22,1,2,1,Sunday,0,0,,Pre-Pandemic,2019,FY19 Q2,2019,20192,201906
20190603,6/3/2019,2019,2019,2,Q2 2019,6,June,Jun,23,1,3,2,Monday,1,0,,Pre-Pandemic,2019,FY19 Q2,2019,20192,201906
20190604,6/4/2019,2019,2019,2,Q2 2019,6,June,Jun,23,1,4,3,Tuesday,1,0,,Pre-Pandemic,2019,FY19 Q2,2019,20192,201906
20190605,6/5/2019,2019,2019,2,Q2 2019,6,June,Jun,23,1,5,4,Wednesday,1,0,,Pre-Pandemic,2019,FY19 Q2,2019,20192,201906
20190606,6/6/2019,2019,2019,2,Q2 2019,6,June,Jun,23,1,6,5,Thursday,1,0,,Pre-Pandemic,2019,FY19 Q2,2019,20192,201906
20190607,6/7/2019,2019,2019,2,Q2 2019,6,June,Jun,23,1,7,6,Friday,1,0,,Pre-Pandemic,2019,FY19 Q2,2019,20192,201906
20190608,6/8/2019,2019,2019,2,Q2 2019,6,June,Jun,23,2,8,7,Saturday,0,0,,Pre-Pandemic,2019,FY19 Q2,2019,20192,201906
20190609,6/9/2019,2019,2019,2,Q2 2019,6,June,Jun,23,2,9,1,Sunday,0,0,,Pre-Pandemic,2019,FY19 Q2,2019,20192,201906
20190610,6/10/2019,2019,2019,2,Q2 2019,6,June,Jun,24,2,10,2,Monday,1,0,,Pre-Pandemic,2019,FY19 Q2,2019,20192,201906
20190611,6/11/2019,2019,2019,2,Q2 2019,6,June,Jun,24,2,11,3,Tuesday,1,0,,Pre-Pandemic,2019,FY19 Q2,2019,20192,201906
20190612,6/12/2019,2019,2019,2,Q2 2019,6,June,Jun,24,2,12,4,Wednesday,1,0,,Pre-Pandemic,2019,FY19 Q2,2019,20192,201906
20190613,6/13/2019,2019,2019,2,Q2 2019,6,June,Jun,24,2,13,5,Thursday,1,0,,Pre-Pandemic,2019,FY19 Q2,2019,20192,201906
20190614,6/14/2019,2019,2019,2,Q2 2019,6,June,Jun,24,2,14,6,Friday,1,0,,Pre-Pandemic,2019,FY19 Q2,2019,20192,201906
20190615,6/15/2019,2019,2019,2,Q2 2019,6,June,Jun,24,3,15,7,Saturday,0,0,,Pre-Pandemic,2019,FY19 Q2,2019,20192,201906
20190616,6/16/2019,2019,2019,2,Q2 2019,6,June,Jun,24,3,16,1,Sunday,0,0,,Pre-Pandemic,2019,FY19 Q2,2019,20192,201906
20190617,6/17/2019,2019,2019,2,Q2 2019,6,June,Jun,25,3,17,2,Monday,1,0,,Pre-Pandemic,2019,FY19 Q2,2019,20192,201906
20190618,6/18/2019,2019,2019,2,Q2 2019,6,June,Jun,25,3,18,3,Tuesday,1,0,,Pre-Pandemic,2019,FY19 Q2,2019,20192,201906
20190619,6/19/2019,2019,2019,2,Q2 2019,6,June,Jun,25,3,19,4,Wednesday,1,0,,Pre-Pandemic,2019,FY19 Q2,2019,20192,201906
20190620,6/20/2019,2019,2019,2,Q2 2019,6,June,Jun,25,3,20,5,Thursday,1,0,,Pre-Pandemic,2019,FY19 Q2,2019,20192,201906
20190621,6/21/2019,2019,2019,2,Q2 2019,6,June,Jun,25,3,21,6,Friday,1,0,,Pre-Pandemic,2019,FY19 Q2,2019,20192,201906
20190622,6/22/2019,2019,2019,2,Q2 2019,6,June,Jun,25,4,22,7,Saturday,0,0,,Pre-Pandemic,2019,FY19 Q2,2019,20192,201906
20190623,6/23/2019,2019,2019,2,Q2 2019,6,June,Jun,25,4,23,1,Sunday,0,0,,Pre-Pandemic,2019,FY19 Q2,2019,20192,201906
20190624,6/24/2019,2019,2019,2,Q2 2019,6,June,Jun,26,4,24,2,Monday,1,0,,Pre-Pandemic,2019,FY19 Q2,2019,20192,201906
20190625,6/25/2019,2019,2019,2,Q2 2019,6,June,Jun,26,4,25,3,Tuesday,1,0,,Pre-Pandemic,2019,FY19 Q2,2019,20192,201906
20190626,6/26/2019,2019,2019,2,Q2 2019,6,June,Jun,26,4,26,4,Wednesday,1,0,,Pre-Pandemic,2019,FY19 Q2,2019,20192,201906
20190627,6/27/2019,2019,2019,2,Q2 2019,6,June,Jun,26,4,27,5,Thursday,1,0,,Pre-Pandemic,2019,FY19 Q2,2019,20192,201906
20190628,6/28/2019,2019,2019,2,Q2 2019,6,June,Jun,26,4,28,6,Friday,1,0,,Pre-Pandemic,2019,FY19 Q2,2019,20192,201906
20190629,6/29/2019,2019,2019,2,Q2 2019,6,June,Jun,26,5,29,7,Saturday,0,0,,Pre-Pandemic,2019,FY19 Q2,2019,20192,201906
20190630,6/30/2019,2019,2019,2,Q2 2019,6,June,Jun,26,5,30,1,Sunday,0,0,,Pre-Pandemic,2019,FY19 Q2,2019,20192,201906
20190701,7/1/2019,2019,2019,3,Q3 2019,7,July,Jul,27,1,1,2,Monday,1,0,,Pre-Pandemic,2019,FY19 Q3,2019,20193,201907
20190702,7/2/2019,2019,2019,3,Q3 2019,7,July,Jul,27,1,2,3,Tuesday,1,0,,Pre-Pandemic,2019,FY19 Q3,2019,20193,201907
20190703,7/3/2019,2019,2019,3,Q3 2019,7,July,Jul,27,1,3,4,Wednesday,1,0,,Pre-Pandemic,2019,FY19 Q3,2019,20193,201907
20190704,7/4/2019,2019,2019,3,Q3 2019,7,July,Jul,27,1,4,5,Thursday,1,1,Independence Day,Pre-Pandemic,2019,FY19 Q3,2019,20193,201907
20190705,7/5/2019,2019,2019,3,Q3 2019,7,July,Jul,27,1,5,6,Friday,1,0,,Pre-Pandemic,2019,FY19 Q3,2019,20193,201907
20190706,7/6/2019,2019,2019,3,Q3 2019,7,July,Jul,27,1,6,7,Saturday,0,0,,Pre-Pandemic,2019,FY19 Q3,2019,20193,201907
20190707,7/7/2019,2019,2019,3,Q3 2019,7,July,Jul,27,1,7,1,Sunday,0,0,,Pre-Pandemic,2019,FY19 Q3,2019,20193,201907
20190708,7/8/2019,2019,2019,3,Q3 2019,7,July,Jul,28,2,8,2,Monday,1,0,,Pre-Pandemic,2019,FY19 Q3,2019,20193,201907
20190709,7/9/2019,2019,2019,3,Q3 2019,7,July,Jul,28,2,9,3,Tuesday,1,0,,Pre-Pandemic,2019,FY19 Q3,2019,20193,201907
20190710,7/10/2019,2019,2019,3,Q3 2019,7,July,Jul,28,2,10,4,Wednesday,1,0,,Pre-Pandemic,2019,FY19 Q3,2019,20193,201907
20190711,7/11/2019,2019,2019,3,Q3 2019,7,July,Jul,28,2,11,5,Thursday,1,0,,Pre-Pandemic,2019,FY19 Q3,2019,20193,201907
20190712,7/12/2019,2019,2019,3,Q3 2019,7,July,Jul,28,2,12,6,Friday,1,0,,Pre-Pandemic,2019,FY19 Q3,2019,20193,201907
20190713,7/13/2019,2019,2019,3,Q3 2019,7,July,Jul,28,2,13,7,Saturday,0,0,,Pre-Pandemic,2019,FY19 Q3,2019,20193,201907
20190714,7/14/2019,2019,2019,3,Q3 2019,7,July,Jul,28,2,14,1,Sunday,0,0,,Pre-Pandemic,2019,FY19 Q3,2019,20193,201907
20190715,7/15/2019,2019,2019,3,Q3 2019,7,July,Jul,29,3,15,2,Monday,1,0,,Pre-Pandemic,2019,FY19 Q3,2019,20193,201907
20190716,7/16/2019,2019,2019,3,Q3 2019,7,July,Jul,29,3,16,3,Tuesday,1,0,,Pre-Pandemic,2019,FY19 Q3,2019,20193,201907
20190717,7/17/2019,2019,2019,3,Q3 2019,7,July,Jul,29,3,17,4,Wednesday,1,0,,Pre-Pandemic,2019,FY19 Q3,2019,20193,201907
20190718,7/18/2019,2019,2019,3,Q3 2019,7,July,Jul,29,3,18,5,Thursday,1,0,,Pre-Pandemic,2019,FY19 Q3,2019,20193,201907
20190719,7/19/2019,2019,2019,3,Q3 2019,7,July,Jul,29,3,19,6,Friday,1,0,,Pre-Pandemic,2019,FY19 Q3,2019,20193,201907
20190720,7/20/2019,2019,2019,3,Q3 2019,7,July,Jul,29,3,20,7,Saturday,0,0,,Pre-Pandemic,2019,FY19 Q3,2019,20193,201907
20190721,7/21/2019,2019,2019,3,Q3 2019,7,July,Jul,29,3,21,1,Sunday,0,0,,Pre-Pandemic,2019,FY19 Q3,2019,20193,201907
20190722,7/22/2019,2019,2019,3,Q3 2019,7,July,Jul,30,4,22,2,Monday,1,0,,Pre-Pandemic,2019,FY19 Q3,2019,20193,201907
20190723,7/23/2019,2019,2019,3,Q3 2019,7,July,Jul,30,4,23,3,Tuesday,1,0,,Pre-Pandemic,2019,FY19 Q3,2019,20193,201907
20190724,7/24/2019,2019,2019,3,Q3 2019,7,July,Jul,30,4,24,4,Wednesday,1,0,,Pre-Pandemic,2019,FY19 Q3,2019,20193,201907
20190725,7/25/2019,2019,2019,3,Q3 2019,7,July,Jul,30,4,25,5,Thursday,1,0,,Pre-Pandemic,2019,FY19 Q3,2019,20193,201907
20190726,7/26/2019,2019,2019,3,Q3 2019,7,July,Jul,30,4,26,6,Friday,1,0,,Pre-Pandemic,2019,FY19 Q3,2019,20193,201907
20190727,7/27/2019,2019,2019,3,Q3 2019,7,July,Jul,30,4,27,7,Saturday,0,0,,Pre-Pandemic,2019,FY19 Q3,2019,20193,201907
20190728,7/28/2019,2019,2019,3,Q3 2019,7,July,Jul,30,4,28,1,Sunday,0,0,,Pre-Pandemic,2019,FY19 Q3,2019,20193,201907
20190729,7/29/2019,2019,2019,3,Q3 2019,7,July,Jul,31,5,29,2,Monday,1,0,,Pre-Pandemic,2019,FY19 Q3,2019,20193,201907
20190730,7/30/2019,2019,2019,3,Q3 2019,7,July,Jul,31,5,30,3,Tuesday,1,0,,Pre-Pandemic,2019,FY19 Q3,2019,20193,201907
20190731,7/31/2019,2019,2019,3,Q3 2019,7,July,Jul,31,5,31,4,Wednesday,1,0,,Pre-Pandemic,2019,FY19 Q3,2019,20193,201907
20190801,8/1/2019,2019,2019,3,Q3 2019,8,August,Aug,31,1,1,5,Thursday,1,0,,Pre-Pandemic,2019,FY19 Q3,2019,20193,201908
20190802,8/2/2019,2019,2019,3,Q3 2019,8,August,Aug,31,1,2,6,Friday,1,0,,Pre-Pandemic,2019,FY19 Q3,2019,20193,201908
20190803,8/3/2019,2019,2019,3,Q3 2019,8,August,Aug,31,1,3,7,Saturday,0,0,,Pre-Pandemic,2019,FY19 Q3,2019,20193,201908
20190804,8/4/2019,2019,2019,3,Q3 2019,8,August,Aug,31,1,4,1,Sunday,0,0,,Pre-Pandemic,2019,FY19 Q3,2019,20193,201908
20190805,8/5/2019,2019,2019,3,Q3 2019,8,August,Aug,32,1,5,2,Monday,1,0,,Pre-Pandemic,2019,FY19 Q3,2019,20193,201908
20190806,8/6/2019,2019,2019,3,Q3 2019,8,August,Aug,32,1,6,3,Tuesday,1,0,,Pre-Pandemic,2019,FY19 Q3,2019,20193,201908
20190807,8/7/2019,2019,2019,3,Q3 2019,8,August,Aug,32,1,7,4,Wednesday,1,0,,Pre-Pandemic,2019,FY19 Q3,2019,20193,201908
20190808,8/8/2019,2019,2019,3,Q3 2019,8,August,Aug,32,2,8,5,Thursday,1,0,,Pre-Pandemic,2019,FY19 Q3,2019,20193,201908
20190809,8/9/2019,2019,2019,3,Q3 2019,8,August,Aug,32,2,9,6,Friday,1,0,,Pre-Pandemic,2019,FY19 Q3,2019,20193,201908
20190810,8/10/2019,2019,2019,3,Q3 2019,8,August,Aug,32,2,10,7,Saturday,0,0,,Pre-Pandemic,2019,FY19 Q3,2019,20193,201908
20190811,8/11/2019,2019,2019,3,Q3 2019,8,August,Aug,32,2,11,1,Sunday,0,0,,Pre-Pandemic,2019,FY19 Q3,2019,20193,201908
20190812,8/12/2019,2019,2019,3,Q3 2019,8,August,Aug,33,2,12,2,Monday,1,0,,Pre-Pandemic,2019,FY19 Q3,2019,20193,201908
20190813,8/13/2019,2019,2019,3,Q3 2019,8,August,Aug,33,2,13,3,Tuesday,1,0,,Pre-Pandemic,2019,FY19 Q3,2019,20193,201908
20190814,8/14/2019,2019,2019,3,Q3 2019,8,August,Aug,33,2,14,4,Wednesday,1,0,,Pre-Pandemic,2019,FY19 Q3,2019,20193,201908
20190815,8/15/2019,2019,2019,3,Q3 2019,8,August,Aug,33,3,15,5,Thursday,1,0,,Pre-Pandemic,2019,FY19 Q3,2019,20193,201908
20190816,8/16/2019,2019,2019,3,Q3 2019,8,August,Aug,33,3,16,6,Friday,1,0,,Pre-Pandemic,2019,FY19 Q3,2019,20193,201908
20190817,8/17/2019,2019,2019,3,Q3 2019,8,August,Aug,33,3,17,7,Saturday,0,0,,Pre-Pandemic,2019,FY19 Q3,2019,20193,201908
20190818,8/18/2019,2019,2019,3,Q3 2019,8,August,Aug,33,3,18,1,Sunday,0,0,,Pre-Pandemic,2019,FY19 Q3,2019,20193,201908
20190819,8/19/2019,2019,2019,3,Q3 2019,8,August,Aug,34,3,19,2,Monday,1,0,,Pre-Pandemic,2019,FY19 Q3,2019,20193,201908
20190820,8/20/2019,2019,2019,3,Q3 2019,8,August,Aug,34,3,20,3,Tuesday,1,0,,Pre-Pandemic,2019,FY19 Q3,2019,20193,201908
20190821,8/21/2019,2019,2019,3,Q3 2019,8,August,Aug,34,3,21,4,Wednesday,1,0,,Pre-Pandemic,2019,FY19 Q3,2019,20193,201908
20190822,8/22/2019,2019,2019,3,Q3 2019,8,August,Aug,34,4,22,5,Thursday,1,0,,Pre-Pandemic,2019,FY19 Q3,2019,20193,201908
20190823,8/23/2019,2019,2019,3,Q3 2019,8,August,Aug,34,4,23,6,Friday,1,0,,Pre-Pandemic,2019,FY19 Q3,2019,20193,201908
20190824,8/24/2019,2019,2019,3,Q3 2019,8,August,Aug,34,4,24,7,Saturday,0,0,,Pre-Pandemic,2019,FY19 Q3,2019,20193,201908
20190825,8/25/2019,2019,2019,3,Q3 2019,8,August,Aug,34,4,25,1,Sunday,0,0,,Pre-Pandemic,2019,FY19 Q3,2019,20193,201908
20190826,8/26/2019,2019,2019,3,Q3 2019,8,August,Aug,35,4,26,2,Monday,1,0,,Pre-Pandemic,2019,FY19 Q3,2019,20193,201908
20190827,8/27/2019,2019,2019,3,Q3 2019,8,August,Aug,35,4,27,3,Tuesday,1,0,,Pre-Pandemic,2019,FY19 Q3,2019,20193,201908
20190828,8/28/2019,2019,2019,3,Q3 2019,8,August,Aug,35,4,28,4,Wednesday,1,0,,Pre-Pandemic,2019,FY19 Q3,2019,20193,201908
20190829,8/29/2019,2019,2019,3,Q3 2019,8,August,Aug,35,5,29,5,Thursday,1,0,,Pre-Pandemic,2019,FY19 Q3,2019,20193,201908
20190830,8/30/2019,2019,2019,3,Q3 2019,8,August,Aug,35,5,30,6,Friday,1,0,,Pre-Pandemic,2019,FY19 Q3,2019,20193,201908
20190831,8/31/2019,2019,2019,3,Q3 2019,8,August,Aug,35,5,31,7,Saturday,0,0,,Pre-Pandemic,2019,FY19 Q3,2019,20193,201908
20190901,9/1/2019,2019,2019,3,Q3 2019,9,September,Sep,35,1,1,1,Sunday,0,0,,Pre-Pandemic,2019,FY19 Q3,2019,20193,201909
20190902,9/2/2019,2019,2019,3,Q3 2019,9,September,Sep,36,1,2,2,Monday,1,1,Labor Day,Pre-Pandemic,2019,FY19 Q3,2019,20193,201909
20190903,9/3/2019,2019,2019,3,Q3 2019,9,September,Sep,36,1,3,3,Tuesday,1,0,,Pre-Pandemic,2019,FY19 Q3,2019,20193,201909
20190904,9/4/2019,2019,2019,3,Q3 2019,9,September,Sep,36,1,4,4,Wednesday,1,0,,Pre-Pandemic,2019,FY19 Q3,2019,20193,201909
20190905,9/5/2019,2019,2019,3,Q3 2019,9,September,Sep,36,1,5,5,Thursday,1,0,,Pre-Pandemic,2019,FY19 Q3,2019,20193,201909
20190906,9/6/2019,2019,2019,3,Q3 2019,9,September,Sep,36,1,6,6,Friday,1,0,,Pre-Pandemic,2019,FY19 Q3,2019,20193,201909
20190907,9/7/2019,2019,2019,3,Q3 2019,9,September,Sep,36,1,7,7,Saturday,0,0,,Pre-Pandemic,2019,FY19 Q3,2019,20193,201909
20190908,9/8/2019,2019,2019,3,Q3 2019,9,September,Sep,36,2,8,1,Sunday,0,0,,Pre-Pandemic,2019,FY19 Q3,2019,20193,201909
20190909,9/9/2019,2019,2019,3,Q3 2019,9,September,Sep,37,2,9,2,Monday,1,0,,Pre-Pandemic,2019,FY19 Q3,2019,20193,201909
20190910,9/10/2019,2019,2019,3,Q3 2019,9,September,Sep,37,2,10,3,Tuesday,1,0,,Pre-Pandemic,2019,FY19 Q3,2019,20193,201909
20190911,9/11/2019,2019,2019,3,Q3 2019,9,September,Sep,37,2,11,4,Wednesday,1,0,,Pre-Pandemic,2019,FY19 Q3,2019,20193,201909
20190912,9/12/2019,2019,2019,3,Q3 2019,9,September,Sep,37,2,12,5,Thursday,1,0,,Pre-Pandemic,2019,FY19 Q3,2019,20193,201909
20190913,9/13/2019,2019,2019,3,Q3 2019,9,September,Sep,37,2,13,6,Friday,1,0,,Pre-Pandemic,2019,FY19 Q3,2019,20193,201909
20190914,9/14/2019,2019,2019,3,Q3 2019,9,September,Sep,37,2,14,7,Saturday,0,0,,Pre-Pandemic,2019,FY19 Q3,2019,20193,201909
20190915,9/15/2019,2019,2019,3,Q3 2019,9,September,Sep,37,3,15,1,Sunday,0,0,,Pre-Pandemic,2019,FY19 Q3,2019,20193,201909
20190916,9/16/2019,2019,2019,3,Q3 2019,9,September,Sep,38,3,16,2,Monday,1,0,,Pre-Pandemic,2019,FY19 Q3,2019,20193,201909
20190917,9/17/2019,2019,2019,3,Q3 2019,9,September,Sep,38,3,17,3,Tuesday,1,0,,Pre-Pandemic,2019,FY19 Q3,2019,20193,201909
20190918,9/18/2019,2019,2019,3,Q3 2019,9,September,Sep,38,3,18,4,Wednesday,1,0,,Pre-Pandemic,2019,FY19 Q3,2019,20193,201909
20190919,9/19/2019,2019,2019,3,Q3 2019,9,September,Sep,38,3,19,5,Thursday,1,0,,Pre-Pandemic,2019,FY19 Q3,2019,20193,201909
20190920,9/20/2019,2019,2019,3,Q3 2019,9,September,Sep,38,3,20,6,Friday,1,0,,Pre-Pandemic,2019,FY19 Q3,2019,20193,201909
20190921,9/21/2019,2019,2019,3,Q3 2019,9,September,Sep,38,3,21,7,Saturday,0,0,,Pre-Pandemic,2019,FY19 Q3,2019,20193,201909
20190922,9/22/2019,2019,2019,3,Q3 2019,9,September,Sep,38,4,22,1,Sunday,0,0,,Pre-Pandemic,2019,FY19 Q3,2019,20193,201909
20190923,9/23/2019,2019,2019,3,Q3 2019,9,September,Sep,39,4,23,2,Monday,1,0,,Pre-Pandemic,2019,FY19 Q3,2019,20193,201909
20190924,9/24/2019,2019,2019,3,Q3 2019,9,September,Sep,39,4,24,3,Tuesday,1,0,,Pre-Pandemic,2019,FY19 Q3,2019,20193,201909
20190925,9/25/2019,2019,2019,3,Q3 2019,9,September,Sep,39,4,25,4,Wednesday,1,0,,Pre-Pandemic,2019,FY19 Q3,2019,20193,201909
20190926,9/26/2019,2019,2019,3,Q3 2019,9,September,Sep,39,4,26,5,Thursday,1,0,,Pre-Pandemic,2019,FY19 Q3,2019,20193,201909
20190927,9/27/2019,2019,2019,3,Q3 2019,9,September,Sep,39,4,27,6,Friday,1,0,,Pre-Pandemic,2019,FY19 Q3,2019,20193,201909
20190928,9/28/2019,2019,2019,3,Q3 2019,9,September,Sep,39,4,28,7,Saturday,0,0,,Pre-Pandemic,2019,FY19 Q3,2019,20193,201909
20190929,9/29/2019,2019,2019,3,Q3 2019,9,September,Sep,39,5,29,1,Sunday,0,0,,Pre-Pandemic,2019,FY19 Q3,2019,20193,201909
20190930,9/30/2019,2019,2019,3,Q3 2019,9,September,Sep,40,5,30,2,Monday,1,0,,Pre-Pandemic,2019,FY19 Q3,2019,20193,201909
20191001,10/1/2019,2019,2019,4,Q4 2019,10,October,Oct,40,1,1,3,Tuesday,1,0,,Pre-Pandemic,2019,FY19 Q4,2019,20194,201910
20191002,10/2/2019,2019,2019,4,Q4 2019,10,October,Oct,40,1,2,4,Wednesday,1,0,,Pre-Pandemic,2019,FY19 Q4,2019,20194,201910
20191003,10/3/2019,2019,2019,4,Q4 2019,10,October,Oct,40,1,3,5,Thursday,1,0,,Pre-Pandemic,2019,FY19 Q4,2019,20194,201910
20191004,10/4/2019,2019,2019,4,Q4 2019,10,October,Oct,40,1,4,6,Friday,1,0,,Pre-Pandemic,2019,FY19 Q4,2019,20194,201910
20191005,10/5/2019,2019,2019,4,Q4 2019,10,October,Oct,40,1,5,7,Saturday,0,0,,Pre-Pandemic,2019,FY19 Q4,2019,20194,201910
20191006,10/6/2019,2019,2019,4,Q4 2019,10,October,Oct,40,1,6,1,Sunday,0,0,,Pre-Pandemic,2019,FY19 Q4,2019,20194,201910
20191007,10/7/2019,2019,2019,4,Q4 2019,10,October,Oct,41,1,7,2,Monday,1,0,,Pre-Pandemic,2019,FY19 Q4,2019,20194,201910
20191008,10/8/2019,2019,2019,4,Q4 2019,10,October,Oct,41,2,8,3,Tuesday,1,0,,Pre-Pandemic,2019,FY19 Q4,2019,20194,201910
20191009,10/9/2019,2019,2019,4,Q4 2019,10,October,Oct,41,2,9,4,Wednesday,1,0,,Pre-Pandemic,2019,FY19 Q4,2019,20194,201910
20191010,10/10/2019,2019,2019,4,Q4 2019,10,October,Oct,41,2,10,5,Thursday,1,0,,Pre-Pandemic,2019,FY19 Q4,2019,20194,201910
20191011,10/11/2019,2019,2019,4,Q4 2019,10,October,Oct,41,2,11,6,Friday,1,0,,Pre-Pandemic,2019,FY19 Q4,2019,20194,201910
20191012,10/12/2019,2019,2019,4,Q4 2019,10,October,Oct,41,2,12,7,Saturday,0,0,,Pre-Pandemic,2019,FY19 Q4,2019,20194,201910
20191013,10/13/2019,2019,2019,4,Q4 2019,10,October,Oct,41,2,13,1,Sunday,0,0,,Pre-Pandemic,2019,FY19 Q4,2019,20194,201910
20191014,10/14/2019,2019,2019,4,Q4 2019,10,October,Oct,42,2,14,2,Monday,1,0,,Pre-Pandemic,2019,FY19 Q4,2019,20194,201910
20191015,10/15/2019,2019,2019,4,Q4 2019,10,October,Oct,42,3,15,3,Tuesday,1,0,,Pre-Pandemic,2019,FY19 Q4,2019,20194,201910
20191016,10/16/2019,2019,2019,4,Q4 2019,10,October,Oct,42,3,16,4,Wednesday,1,0,,Pre-Pandemic,2019,FY19 Q4,2019,20194,201910
20191017,10/17/2019,2019,2019,4,Q4 2019,10,October,Oct,42,3,17,5,Thursday,1,0,,Pre-Pandemic,2019,FY19 Q4,2019,20194,201910
20191018,10/18/2019,2019,2019,4,Q4 2019,10,October,Oct,42,3,18,6,Friday,1,0,,Pre-Pandemic,2019,FY19 Q4,2019,20194,201910
20191019,10/19/2019,2019,2019,4,Q4 2019,10,October,Oct,42,3,19,7,Saturday,0,0,,Pre-Pandemic,2019,FY19 Q4,2019,20194,201910
20191020,10/20/2019,2019,2019,4,Q4 2019,10,October,Oct,42,3,20,1,Sunday,0,0,,Pre-Pandemic,2019,FY19 Q4,2019,20194,201910
20191021,10/21/2019,2019,2019,4,Q4 2019,10,October,Oct,43,3,21,2,Monday,1,0,,Pre-Pandemic,2019,FY19 Q4,2019,20194,201910
20191022,10/22/2019,2019,2019,4,Q4 2019,10,October,Oct,43,4,22,3,Tuesday,1,0,,Pre-Pandemic,2019,FY19 Q4,2019,20194,201910
20191023,10/23/2019,2019,2019,4,Q4 2019,10,October,Oct,43,4,23,4,Wednesday,1,0,,Pre-Pandemic,2019,FY19 Q4,2019,20194,201910
20191024,10/24/2019,2019,2019,4,Q4 2019,10,October,Oct,43,4,24,5,Thursday,1,0,,Pre-Pandemic,2019,FY19 Q4,2019,20194,201910
20191025,10/25/2019,2019,2019,4,Q4 2019,10,October,Oct,43,4,25,6,Friday,1,0,,Pre-Pandemic,2019,FY19 Q4,2019,20194,201910
20191026,10/26/2019,2019,2019,4,Q4 2019,10,October,Oct,43,4,26,7,Saturday,0,0,,Pre-Pandemic,2019,FY19 Q4,2019,20194,201910
20191027,10/27/2019,2019,2019,4,Q4 2019,10,October,Oct,43,4,27,1,Sunday,0,0,,Pre-Pandemic,2019,FY19 Q4,2019,20194,201910
20191028,10/28/2019,2019,2019,4,Q4 2019,10,October,Oct,44,4,28,2,Monday,1,0,,Pre-Pandemic,2019,FY19 Q4,2019,20194,201910
20191029,10/29/2019,2019,2019,4,Q4 2019,10,October,Oct,44,5,29,3,Tuesday,1,0,,Pre-Pandemic,2019,FY19 Q4,2019,20194,201910
20191030,10/30/2019,2019,2019,4,Q4 2019,10,October,Oct,44,5,30,4,Wednesday,1,0,,Pre-Pandemic,2019,FY19 Q4,2019,20194,201910
20191031,10/31/2019,2019,2019,4,Q4 2019,10,October,Oct,44,5,31,5,Thursday,1,0,,Pre-Pandemic,2019,FY19 Q4,2019,20194,201910
20191101,11/1/2019,2019,2019,4,Q4 2019,11,November,Nov,44,1,1,6,Friday,1,0,,Pre-Pandemic,2019,FY19 Q4,2019,20194,201911
20191102,11/2/2019,2019,2019,4,Q4 2019,11,November,Nov,44,1,2,7,Saturday,0,0,,Pre-Pandemic,2019,FY19 Q4,2019,20194,201911
20191103,11/3/2019,2019,2019,4,Q4 2019,11,November,Nov,44,1,3,1,Sunday,0,0,,Pre-Pandemic,2019,FY19 Q4,2019,20194,201911
20191104,11/4/2019,2019,2019,4,Q4 2019,11,November,Nov,45,1,4,2,Monday,1,0,,Pre-Pandemic,2019,FY19 Q4,2019,20194,201911
20191105,11/5/2019,2019,2019,4,Q4 2019,11,November,Nov,45,1,5,3,Tuesday,1,0,,Pre-Pandemic,2019,FY19 Q4,2019,20194,201911
20191106,11/6/2019,2019,2019,4,Q4 2019,11,November,Nov,45,1,6,4,Wednesday,1,0,,Pre-Pandemic,2019,FY19 Q4,2019,20194,201911
20191107,11/7/2019,2019,2019,4,Q4 2019,11,November,Nov,45,1,7,5,Thursday,1,0,,Pre-Pandemic,2019,FY19 Q4,2019,20194,201911
20191108,11/8/2019,2019,2019,4,Q4 2019,11,November,Nov,45,2,8,6,Friday,1,0,,Pre-Pandemic,2019,FY19 Q4,2019,20194,201911
20191109,11/9/2019,2019,2019,4,Q4 2019,11,November,Nov,45,2,9,7,Saturday,0,0,,Pre-Pandemic,2019,FY19 Q4,2019,20194,201911
20191110,11/10/2019,2019,2019,4,Q4 2019,11,November,Nov,45,2,10,1,Sunday,0,0,,Pre-Pandemic,2019,FY19 Q4,2019,20194,201911
20191111,11/11/2019,2019,2019,4,Q4 2019,11,November,Nov,46,2,11,2,Monday,1,0,,Pre-Pandemic,2019,FY19 Q4,2019,20194,201911
20191112,11/12/2019,2019,2019,4,Q4 2019,11,November,Nov,46,2,12,3,Tuesday,1,0,,Pre-Pandemic,2019,FY19 Q4,2019,20194,201911
20191113,11/13/2019,2019,2019,4,Q4 2019,11,November,Nov,46,2,13,4,Wednesday,1,0,,Pre-Pandemic,2019,FY19 Q4,2019,20194,201911
20191114,11/14/2019,2019,2019,4,Q4 2019,11,November,Nov,46,2,14,5,Thursday,1,0,,Pre-Pandemic,2019,FY19 Q4,2019,20194,201911
20191115,11/15/2019,2019,2019,4,Q4 2019,11,November,Nov,46,3,15,6,Friday,1,0,,Pre-Pandemic,2019,FY19 Q4,2019,20194,201911
20191116,11/16/2019,2019,2019,4,Q4 2019,11,November,Nov,46,3,16,7,Saturday,0,0,,Pre-Pandemic,2019,FY19 Q4,2019,20194,201911
20191117,11/17/2019,2019,2019,4,Q4 2019,11,November,Nov,46,3,17,1,Sunday,0,0,,Pre-Pandemic,2019,FY19 Q4,2019,20194,201911
20191118,11/18/2019,2019,2019,4,Q4 2019,11,November,Nov,47,3,18,2,Monday,1,0,,Pre-Pandemic,2019,FY19 Q4,2019,20194,201911
20191119,11/19/2019,2019,2019,4,Q4 2019,11,November,Nov,47,3,19,3,Tuesday,1,0,,Pre-Pandemic,2019,FY19 Q4,2019,20194,201911
20191120,11/20/2019,2019,2019,4,Q4 2019,11,November,Nov,47,3,20,4,Wednesday,1,0,,Pre-Pandemic,2019,FY19 Q4,2019,20194,201911
20191121,11/21/2019,2019,2019,4,Q4 2019,11,November,Nov,47,3,21,5,Thursday,1,0,,Pre-Pandemic,2019,FY19 Q4,2019,20194,201911
20191122,11/22/2019,2019,2019,4,Q4 2019,11,November,Nov,47,4,22,6,Friday,1,0,,Pre-Pandemic,2019,FY19 Q4,2019,20194,201911
20191123,11/23/2019,2019,2019,4,Q4 2019,11,November,Nov,47,4,23,7,Saturday,0,0,,Pre-Pandemic,2019,FY19 Q4,2019,20194,201911
20191124,11/24/2019,2019,2019,4,Q4 2019,11,November,Nov,47,4,24,1,Sunday,0,0,,Pre-Pandemic,2019,FY19 Q4,2019,20194,201911
20191125,11/25/2019,2019,2019,4,Q4 2019,11,November,Nov,48,4,25,2,Monday,1,0,,Pre-Pandemic,2019,FY19 Q4,2019,20194,201911
20191126,11/26/2019,2019,2019,4,Q4 2019,11,November,Nov,48,4,26,3,Tuesday,1,0,,Pre-Pandemic,2019,FY19 Q4,2019,20194,201911
20191127,11/27/2019,2019,2019,4,Q4 2019,11,November,Nov,48,4,27,4,Wednesday,1,0,,Pre-Pandemic,2019,FY19 Q4,2019,20194,201911
20191128,11/28/2019,2019,2019,4,Q4 2019,11,November,Nov,48,4,28,5,Thursday,1,1,Thanksgiving Day,Pre-Pandemic,2019,FY19 Q4,2019,20194,201911
20191129,11/29/2019,2019,2019,4,Q4 2019,11,November,Nov,48,5,29,6,Friday,1,0,,Pre-Pandemic,2019,FY19 Q4,2019,20194,201911
20191130,11/30/2019,2019,2019,4,Q4 2019,11,November,Nov,48,5,30,7,Saturday,0,0,,Pre-Pandemic,2019,FY19 Q4,2019,20194,201911
20191201,12/1/2019,2019,2019,4,Q4 2019,12,December,Dec,48,1,1,1,Sunday,0,0,,Pre-Pandemic,2019,FY19 Q4,2019,20194,201912
20191202,12/2/2019,2019,2019,4,Q4 2019,12,December,Dec,49,1,2,2,Monday,1,0,,Pre-Pandemic,2019,FY19 Q4,2019,20194,201912
20191203,12/3/2019,2019,2019,4,Q4 2019,12,December,Dec,49,1,3,3,Tuesday,1,0,,Pre-Pandemic,2019,FY19 Q4,2019,20194,201912
20191204,12/4/2019,2019,2019,4,Q4 2019,12,December,Dec,49,1,4,4,Wednesday,1,0,,Pre-Pandemic,2019,FY19 Q4,2019,20194,201912
20191205,12/5/2019,2019,2019,4,Q4 2019,12,December,Dec,49,1,5,5,Thursday,1,0,,Pre-Pandemic,2019,FY19 Q4,2019,20194,201912
20191206,12/6/2019,2019,2019,4,Q4 2019,12,December,Dec,49,1,6,6,Friday,1,0,,Pre-Pandemic,2019,FY19 Q4,2019,20194,201912
20191207,12/7/2019,2019,2019,4,Q4 2019,12,December,Dec,49,1,7,7,Saturday,0,0,,Pre-Pandemic,2019,FY19 Q4,2019,20194,201912
20191208,12/8/2019,2019,2019,4,Q4 2019,12,December,Dec,49,2,8,1,Sunday,0,0,,Pre-Pandemic,2019,FY19 Q4,2019,20194,201912
20191209,12/9/2019,2019,2019,4,Q4 2019,12,December,Dec,50,2,9,2,Monday,1,0,,Pre-Pandemic,2019,FY19 Q4,2019,20194,201912
20191210,12/10/2019,2019,2019,4,Q4 2019,12,December,Dec,50,2,10,3,Tuesday,1,0,,Pre-Pandemic,2019,FY19 Q4,2019,20194,201912
20191211,12/11/2019,2019,2019,4,Q4 2019,12,December,Dec,50,2,11,4,Wednesday,1,0,,Pre-Pandemic,2019,FY19 Q4,2019,20194,201912
20191212,12/12/2019,2019,2019,4,Q4 2019,12,December,Dec,50,2,12,5,Thursday,1,0,,Pre-Pandemic,2019,FY19 Q4,2019,20194,201912
20191213,12/13/2019,2019,2019,4,Q4 2019,12,December,Dec,50,2,13,6,Friday,1,0,,Pre-Pandemic,2019,FY19 Q4,2019,20194,201912
20191214,12/14/2019,2019,2019,4,Q4 2019,12,December,Dec,50,2,14,7,Saturday,0,0,,Pre-Pandemic,2019,FY19 Q4,2019,20194,201912
20191215,12/15/2019,2019,2019,4,Q4 2019,12,December,Dec,50,3,15,1,Sunday,0,0,,Pre-Pandemic,2019,FY19 Q4,2019,20194,201912
20191216,12/16/2019,2019,2019,4,Q4 2019,12,December,Dec,51,3,16,2,Monday,1,0,,Pre-Pandemic,2019,FY19 Q4,2019,20194,201912
20191217,12/17/2019,2019,2019,4,Q4 2019,12,December,Dec,51,3,17,3,Tuesday,1,0,,Pre-Pandemic,2019,FY19 Q4,2019,20194,201912
20191218,12/18/2019,2019,2019,4,Q4 2019,12,December,Dec,51,3,18,4,Wednesday,1,0,,Pre-Pandemic,2019,FY19 Q4,2019,20194,201912
20191219,12/19/2019,2019,2019,4,Q4 2019,12,December,Dec,51,3,19,5,Thursday,1,0,,Pre-Pandemic,2019,FY19 Q4,2019,20194,201912
20191220,12/20/2019,2019,2019,4,Q4 2019,12,December,Dec,51,3,20,6,Friday,1,0,,Pre-Pandemic,2019,FY19 Q4,2019,20194,201912
20191221,12/21/2019,2019,2019,4,Q4 2019,12,December,Dec,51,3,21,7,Saturday,0,0,,Pre-Pandemic,2019,FY19 Q4,2019,20194,201912
20191222,12/22/2019,2019,2019,4,Q4 2019,12,December,Dec,51,4,22,1,Sunday,0,0,,Pre-Pandemic,2019,FY19 Q4,2019,20194,201912
20191223,12/23/2019,2019,2019,4,Q4 2019,12,December,Dec,52,4,23,2,Monday,1,0,,Pre-Pandemic,2019,FY19 Q4,2019,20194,201912
20191224,12/24/2019,2019,2019,4,Q4 2019,12,December,Dec,52,4,24,3,Tuesday,1,0,,Pre-Pandemic,2019,FY19 Q4,2019,20194,201912
20191225,12/25/2019,2019,2019,4,Q4 2019,12,December,Dec,52,4,25,4,Wednesday,1,1,Christmas Day,Pre-Pandemic,2019,FY19 Q4,2019,20194,201912
20191226,12/26/2019,2019,2019,4,Q4 2019,12,December,Dec,52,4,26,5,Thursday,1,0,,Pre-Pandemic,2019,FY19 Q4,2019,20194,201912
20191227,12/27/2019,2019,2019,4,Q4 2019,12,December,Dec,52,4,27,6,Friday,1,0,,Pre-Pandemic,2019,FY19 Q4,2019,20194,201912
20191228,12/28/2019,2019,2019,4,Q4 2019,12,December,Dec,52,4,28,7,Saturday,0,0,,Pre-Pandemic,2019,FY19 Q4,2019,20194,201912
20191229,12/29/2019,2019,2019,4,Q4 2019,12,December,Dec,52,5,29,1,Sunday,0,0,,Pre-Pandemic,2019,FY19 Q4,2019,20194,201912
20191230,12/30/2019,2019,2019,4,Q4 2019,12,December,Dec,1,5,30,2,Monday,1,0,,Pre-Pandemic,2019,FY19 Q4,2019,20194,201912
20191231,12/31/2019,2019,2019,4,Q4 2019,12,December,Dec,1,5,31,3,Tuesday,1,0,,Pre-Pandemic,2019,FY19 Q4,2019,20194,201912
20200101,1/1/2020,2020,2020,1,Q1 2020,1,January,Jan,1,1,1,4,Wednesday,1,1,New Year's Day,Pre-Pandemic,2020,FY20 Q1,2020,20201,202001
20200102,1/2/2020,2020,2020,1,Q1 2020,1,January,Jan,1,1,2,5,Thursday,1,0,,Pre-Pandemic,2020,FY20 Q1,2020,20201,202001
20200103,1/3/2020,2020,2020,1,Q1 2020,1,January,Jan,1,1,3,6,Friday,1,0,,Pre-Pandemic,2020,FY20 Q1,2020,20201,202001
20200104,1/4/2020,2020,2020,1,Q1 2020,1,January,Jan,1,1,4,7,Saturday,0,0,,Pre-Pandemic,2020,FY20 Q1,2020,20201,202001
20200105,1/5/2020,2020,2020,1,Q1 2020,1,January,Jan,1,1,5,1,Sunday,0,0,,Pre-Pandemic,2020,FY20 Q1,2020,20201,202001
20200106,1/6/2020,2020,2020,1,Q1 2020,1,January,Jan,2,1,6,2,Monday,1,0,,Pre-Pandemic,2020,FY20 Q1,2020,20201,202001
20200107,1/7/2020,2020,2020,1,Q1 2020,1,January,Jan,2,1,7,3,Tuesday,1,0,,Pre-Pandemic,2020,FY20 Q1,2020,20201,202001
20200108,1/8/2020,2020,2020,1,Q1 2020,1,January,Jan,2,2,8,4,Wednesday,1,0,,Pre-Pandemic,2020,FY20 Q1,2020,20201,202001
20200109,1/9/2020,2020,2020,1,Q1 2020,1,January,Jan,2,2,9,5,Thursday,1,0,,Pre-Pandemic,2020,FY20 Q1,2020,20201,202001
20200110,1/10/2020,2020,2020,1,Q1 2020,1,January,Jan,2,2,10,6,Friday,1,0,,Pre-Pandemic,2020,FY20 Q1,2020,20201,202001
20200111,1/11/2020,2020,2020,1,Q1 2020,1,January,Jan,2,2,11,7,Saturday,0,0,,Pre-Pandemic,2020,FY20 Q1,2020,20201,202001
20200112,1/12/2020,2020,2020,1,Q1 2020,1,January,Jan,2,2,12,1,Sunday,0,0,,Pre-Pandemic,2020,FY20 Q1,2020,20201,202001
20200113,1/13/2020,2020,2020,1,Q1 2020,1,January,Jan,3,2,13,2,Monday,1,0,,Pre-Pandemic,2020,FY20 Q1,2020,20201,202001
20200114,1/14/2020,2020,2020,1,Q1 2020,1,January,Jan,3,2,14,3,Tuesday,1,0,,Pre-Pandemic,2020,FY20 Q1,2020,20201,202001
20200115,1/15/2020,2020,2020,1,Q1 2020,1,January,Jan,3,3,15,4,Wednesday,1,0,,Pre-Pandemic,2020,FY20 Q1,2020,20201,202001
20200116,1/16/2020,2020,2020,1,Q1 2020,1,January,Jan,3,3,16,5,Thursday,1,0,,Pre-Pandemic,2020,FY20 Q1,2020,20201,202001
20200117,1/17/2020,2020,2020,1,Q1 2020,1,January,Jan,3,3,17,6,Friday,1,0,,Pre-Pandemic,2020,FY20 Q1,2020,20201,202001
20200118,1/18/2020,2020,2020,1,Q1 2020,1,January,Jan,3,3,18,7,Saturday,0,0,,Pre-Pandemic,2020,FY20 Q1,2020,20201,202001
20200119,1/19/2020,2020,2020,1,Q1 2020,1,January,Jan,3,3,19,1,Sunday,0,0,,Pre-Pandemic,2020,FY20 Q1,2020,20201,202001
20200120,1/20/2020,2020,2020,1,Q1 2020,1,January,Jan,4,3,20,2,Monday,1,1,Martin Luther King Jr. Day,Pre-Pandemic,2020,FY20 Q1,2020,20201,202001
20200121,1/21/2020,2020,2020,1,Q1 2020,1,January,Jan,4,3,21,3,Tuesday,1,0,,Pre-Pandemic,2020,FY20 Q1,2020,20201,202001
20200122,1/22/2020,2020,2020,1,Q1 2020,1,January,Jan,4,4,22,4,Wednesday,1,0,,Pre-Pandemic,2020,FY20 Q1,2020,20201,202001
20200123,1/23/2020,2020,2020,1,Q1 2020,1,January,Jan,4,4,23,5,Thursday,1,0,,Pre-Pandemic,2020,FY20 Q1,2020,20201,202001
20200124,1/24/2020,2020,2020,1,Q1 2020,1,January,Jan,4,4,24,6,Friday,1,0,,Pre-Pandemic,2020,FY20 Q1,2020,20201,202001
20200125,1/25/2020,2020,2020,1,Q1 2020,1,January,Jan,4,4,25,7,Saturday,0,0,,Pre-Pandemic,2020,FY20 Q1,2020,20201,202001
20200126,1/26/2020,2020,2020,1,Q1 2020,1,January,Jan,4,4,26,1,Sunday,0,0,,Pre-Pandemic,2020,FY20 Q1,2020,20201,202001
20200127,1/27/2020,2020,2020,1,Q1 2020,1,January,Jan,5,4,27,2,Monday,1,0,,Pre-Pandemic,2020,FY20 Q1,2020,20201,202001
20200128,1/28/2020,2020,2020,1,Q1 2020,1,January,Jan,5,4,28,3,Tuesday,1,0,,Pre-Pandemic,2020,FY20 Q1,2020,20201,202001
20200129,1/29/2020,2020,2020,1,Q1 2020,1,January,Jan,5,5,29,4,Wednesday,1,0,,Pre-Pandemic,2020,FY20 Q1,2020,20201,202001
20200130,1/30/2020,2020,2020,1,Q1 2020,1,January,Jan,5,5,30,5,Thursday,1,0,,Pre-Pandemic,2020,FY20 Q1,2020,20201,202001
20200131,1/31/2020,2020,2020,1,Q1 2020,1,January,Jan,5,5,31,6,Friday,1,0,,Pre-Pandemic,2020,FY20 Q1,2020,20201,202001
20200201,2/1/2020,2020,2020,1,Q1 2020,2,February,Feb,5,1,1,7,Saturday,0,0,,Pre-Pandemic,2020,FY20 Q1,2020,20201,202002
20200202,2/2/2020,2020,2020,1,Q1 2020,2,February,Feb,5,1,2,1,Sunday,0,0,,Pre-Pandemic,2020,FY20 Q1,2020,20201,202002
20200203,2/3/2020,2020,2020,1,Q1 2020,2,February,Feb,6,1,3,2,Monday,1,0,,Pre-Pandemic,2020,FY20 Q1,2020,20201,202002
20200204,2/4/2020,2020,2020,1,Q1 2020,2,February,Feb,6,1,4,3,Tuesday,1,0,,Pre-Pandemic,2020,FY20 Q1,2020,20201,202002
20200205,2/5/2020,2020,2020,1,Q1 2020,2,February,Feb,6,1,5,4,Wednesday,1,0,,Pre-Pandemic,2020,FY20 Q1,2020,20201,202002
20200206,2/6/2020,2020,2020,1,Q1 2020,2,February,Feb,6,1,6,5,Thursday,1,0,,Pre-Pandemic,2020,FY20 Q1,2020,20201,202002
20200207,2/7/2020,2020,2020,1,Q1 2020,2,February,Feb,6,1,7,6,Friday,1,0,,Pre-Pandemic,2020,FY20 Q1,2020,20201,202002
20200208,2/8/2020,2020,2020,1,Q1 2020,2,February,Feb,6,2,8,7,Saturday,0,0,,Pre-Pandemic,2020,FY20 Q1,2020,20201,202002
20200209,2/9/2020,2020,2020,1,Q1 2020,2,February,Feb,6,2,9,1,Sunday,0,0,,Pre-Pandemic,2020,FY20 Q1,2020,20201,202002
20200210,2/10/2020,2020,2020,1,Q1 2020,2,February,Feb,7,2,10,2,Monday,1,0,,Pre-Pandemic,2020,FY20 Q1,2020,20201,202002
20200211,2/11/2020,2020,2020,1,Q1 2020,2,February,Feb,7,2,11,3,Tuesday,1,0,,Pre-Pandemic,2020,FY20 Q1,2020,20201,202002
20200212,2/12/2020,2020,2020,1,Q1 2020,2,February,Feb,7,2,12,4,Wednesday,1,0,,Pre-Pandemic,2020,FY20 Q1,2020,20201,202002
20200213,2/13/2020,2020,2020,1,Q1 2020,2,February,Feb,7,2,13,5,Thursday,1,0,,Pre-Pandemic,2020,FY20 Q1,2020,20201,202002
20200214,2/14/2020,2020,2020,1,Q1 2020,2,February,Feb,7,2,14,6,Friday,1,0,,Pre-Pandemic,2020,FY20 Q1,2020,20201,202002
20200215,2/15/2020,2020,2020,1,Q1 2020,2,February,Feb,7,3,15,7,Saturday,0,0,,Pre-Pandemic,2020,FY20 Q1,2020,20201,202002
20200216,2/16/2020,2020,2020,1,Q1 2020,2,February,Feb,7,3,16,1,Sunday,0,0,,Pre-Pandemic,2020,FY20 Q1,2020,20201,202002
20200217,2/17/2020,2020,2020,1,Q1 2020,2,February,Feb,8,3,17,2,Monday,1,1,Presidents Day,Pre-Pandemic,2020,FY20 Q1,2020,20201,202002
20200218,2/18/2020,2020,2020,1,Q1 2020,2,February,Feb,8,3,18,3,Tuesday,1,0,,Pre-Pandemic,2020,FY20 Q1,2020,20201,202002
20200219,2/19/2020,2020,2020,1,Q1 2020,2,February,Feb,8,3,19,4,Wednesday,1,0,,Pre-Pandemic,2020,FY20 Q1,2020,20201,202002
20200220,2/20/2020,2020,2020,1,Q1 2020,2,February,Feb,8,3,20,5,Thursday,1,0,,Pre-Pandemic,2020,FY20 Q1,2020,20201,202002
20200221,2/21/2020,2020,2020,1,Q1 2020,2,February,Feb,8,3,21,6,Friday,1,0,,Pre-Pandemic,2020,FY20 Q1,2020,20201,202002
20200222,2/22/2020,2020,2020,1,Q1 2020,2,February,Feb,8,4,22,7,Saturday,0,0,,Pre-Pandemic,2020,FY20 Q1,2020,20201,202002
20200223,2/23/2020,2020,2020,1,Q1 2020,2,February,Feb,8,4,23,1,Sunday,0,0,,Pre-Pandemic,2020,FY20 Q1,2020,20201,202002
20200224,2/24/2020,2020,2020,1,Q1 2020,2,February,Feb,9,4,24,2,Monday,1,0,,Pre-Pandemic,2020,FY20 Q1,2020,20201,202002
20200225,2/25/2020,2020,2020,1,Q1 2020,2,February,Feb,9,4,25,3,Tuesday,1,0,,Pre-Pandemic,2020,FY20 Q1,2020,20201,202002
20200226,2/26/2020,2020,2020,1,Q1 2020,2,February,Feb,9,4,26,4,Wednesday,1,0,,Pre-Pandemic,2020,FY20 Q1,2020,20201,202002
20200227,2/27/2020,2020,2020,1,Q1 2020,2,February,Feb,9,4,27,5,Thursday,1,0,,Pre-Pandemic,2020,FY20 Q1,2020,20201,202002
20200228,2/28/2020,2020,2020,1,Q1 2020,2,February,Feb,9,4,28,6,Friday,1,0,,Pre-Pandemic,2020,FY20 Q1,2020,20201,202002
20200229,2/29/2020,2020,2020,1,Q1 2020,2,February,Feb,9,5,29,7,Saturday,0,0,,Pre-Pandemic,2020,FY20 Q1,2020,20201,202002
20200301,3/1/2020,2020,2020,1,Q1 2020,3,March,Mar,9,1,1,1,Sunday,0,0,,Pre-Pandemic,2020,FY20 Q1,2020,20201,202003
20200302,3/2/2020,2020,2020,1,Q1 2020,3,March,Mar,10,1,2,2,Monday,1,0,,Pre-Pandemic,2020,FY20 Q1,2020,20201,202003
20200303,3/3/2020,2020,2020,1,Q1 2020,3,March,Mar,10,1,3,3,Tuesday,1,0,,Pre-Pandemic,2020,FY20 Q1,2020,20201,202003
20200304,3/4/2020,2020,2020,1,Q1 2020,3,March,Mar,10,1,4,4,Wednesday,1,0,,Pre-Pandemic,2020,FY20 Q1,2020,20201,202003
20200305,3/5/2020,2020,2020,1,Q1 2020,3,March,Mar,10,1,5,5,Thursday,1,0,,Pre-Pandemic,2020,FY20 Q1,2020,20201,202003
20200306,3/6/2020,2020,2020,1,Q1 2020,3,March,Mar,10,1,6,6,Friday,1,0,,Pre-Pandemic,2020,FY20 Q1,2020,20201,202003
20200307,3/7/2020,2020,2020,1,Q1 2020,3,March,Mar,10,1,7,7,Saturday,0,0,,Pre-Pandemic,2020,FY20 Q1,2020,20201,202003
20200308,3/8/2020,2020,2020,1,Q1 2020,3,March,Mar,10,2,8,1,Sunday,0,0,,Pre-Pandemic,2020,FY20 Q1,2020,20201,202003
20200309,3/9/2020,2020,2020,1,Q1 2020,3,March,Mar,11,2,9,2,Monday,1,0,,Pre-Pandemic,2020,FY20 Q1,2020,20201,202003
20200310,3/10/2020,2020,2020,1,Q1 2020,3,March,Mar,11,2,10,3,Tuesday,1,0,,Pre-Pandemic,2020,FY20 Q1,2020,20201,202003
20200311,3/11/2020,2020,2020,1,Q1 2020,3,March,Mar,11,2,11,4,Wednesday,1,0,,Pandemic Onset,2020,FY20 Q1,2020,20201,202003
20200312,3/12/2020,2020,2020,1,Q1 2020,3,March,Mar,11,2,12,5,Thursday,1,0,,Pandemic Onset,2020,FY20 Q1,2020,20201,202003
20200313,3/13/2020,2020,2020,1,Q1 2020,3,March,Mar,11,2,13,6,Friday,1,0,,Pandemic Onset,2020,FY20 Q1,2020,20201,202003
20200314,3/14/2020,2020,2020,1,Q1 2020,3,March,Mar,11,2,14,7,Saturday,0,0,,Pandemic Onset,2020,FY20 Q1,2020,20201,202003
20200315,3/15/2020,2020,2020,1,Q1 2020,3,March,Mar,11,3,15,1,Sunday,0,0,,Pandemic Onset,2020,FY20 Q1,2020,20201,202003
20200316,3/16/2020,2020,2020,1,Q1 2020,3,March,Mar,12,3,16,2,Monday,1,0,,Pandemic Onset,2020,FY20 Q1,2020,20201,202003
20200317,3/17/2020,2020,2020,1,Q1 2020,3,March,Mar,12,3,17,3,Tuesday,1,0,,Pandemic Onset,2020,FY20 Q1,2020,20201,202003
20200318,3/18/2020,2020,2020,1,Q1 2020,3,March,Mar,12,3,18,4,Wednesday,1,0,,Pandemic Onset,2020,FY20 Q1,2020,20201,202003
20200319,3/19/2020,2020,2020,1,Q1 2020,3,March,Mar,12,3,19,5,Thursday,1,0,,Pandemic Onset,2020,FY20 Q1,2020,20201,202003
20200320,3/20/2020,2020,2020,1,Q1 2020,3,March,Mar,12,3,20,6,Friday,1,0,,Pandemic Onset,2020,FY20 Q1,2020,20201,202003
20200321,3/21/2020,2020,2020,1,Q1 2020,3,March,Mar,12,3,21,7,Saturday,0,0,,Pandemic Onset,2020,FY20 Q1,2020,20201,202003
20200322,3/22/2020,2020,2020,1,Q1 2020,3,March,Mar,12,4,22,1,Sunday,0,0,,Pandemic Onset,2020,FY20 Q1,2020,20201,202003
20200323,3/23/2020,2020,2020,1,Q1 2020,3,March,Mar,13,4,23,2,Monday,1,0,,Pandemic Onset,2020,FY20 Q1,2020,20201,202003
20200324,3/24/2020,2020,2020,1,Q1 2020,3,March,Mar,13,4,24,3,Tuesday,1,0,,Pandemic Onset,2020,FY20 Q1,2020,20201,202003
20200325,3/25/2020,2020,2020,1,Q1 2020,3,March,Mar,13,4,25,4,Wednesday,1,0,,Pandemic Onset,2020,FY20 Q1,2020,20201,202003
20200326,3/26/2020,2020,2020,1,Q1 2020,3,March,Mar,13,4,26,5,Thursday,1,0,,Pandemic Onset,2020,FY20 Q1,2020,20201,202003
20200327,3/27/2020,2020,2020,1,Q1 2020,3,March,Mar,13,4,27,6,Friday,1,0,,Pandemic Onset,2020,FY20 Q1,2020,20201,202003
20200328,3/28/2020,2020,2020,1,Q1 2020,3,March,Mar,13,4,28,7,Saturday,0,0,,Pandemic Onset,2020,FY20 Q1,2020,20201,202003
20200329,3/29/2020,2020,2020,1,Q1 2020,3,March,Mar,13,5,29,1,Sunday,0,0,,Pandemic Onset,2020,FY20 Q1,2020,20201,202003
20200330,3/30/2020,2020,2020,1,Q1 2020,3,March,Mar,14,5,30,2,Monday,1,0,,Pandemic Onset,2020,FY20 Q1,2020,20201,202003
20200331,3/31/2020,2020,2020,1,Q1 2020,3,March,Mar,14,5,31,3,Tuesday,1,0,,Pandemic Onset,2020,FY20 Q1,2020,20201,202003
20200401,4/1/2020,2020,2020,2,Q2 2020,4,April,Apr,14,1,1,4,Wednesday,1,0,,Pandemic Peak,2020,FY20 Q2,2020,20202,202004
20200402,4/2/2020,2020,2020,2,Q2 2020,4,April,Apr,14,1,2,5,Thursday,1,0,,Pandemic Peak,2020,FY20 Q2,2020,20202,202004
20200403,4/3/2020,2020,2020,2,Q2 2020,4,April,Apr,14,1,3,6,Friday,1,0,,Pandemic Peak,2020,FY20 Q2,2020,20202,202004
20200404,4/4/2020,2020,2020,2,Q2 2020,4,April,Apr,14,1,4,7,Saturday,0,0,,Pandemic Peak,2020,FY20 Q2,2020,20202,202004
20200405,4/5/2020,2020,2020,2,Q2 2020,4,April,Apr,14,1,5,1,Sunday,0,0,,Pandemic Peak,2020,FY20 Q2,2020,20202,202004
20200406,4/6/2020,2020,2020,2,Q2 2020,4,April,Apr,15,1,6,2,Monday,1,0,,Pandemic Peak,2020,FY20 Q2,2020,20202,202004
20200407,4/7/2020,2020,2020,2,Q2 2020,4,April,Apr,15,1,7,3,Tuesday,1,0,,Pandemic Peak,2020,FY20 Q2,2020,20202,202004
20200408,4/8/2020,2020,2020,2,Q2 2020,4,April,Apr,15,2,8,4,Wednesday,1,0,,Pandemic Peak,2020,FY20 Q2,2020,20202,202004
20200409,4/9/2020,2020,2020,2,Q2 2020,4,April,Apr,15,2,9,5,Thursday,1,0,,Pandemic Peak,2020,FY20 Q2,2020,20202,202004
20200410,4/10/2020,2020,2020,2,Q2 2020,4,April,Apr,15,2,10,6,Friday,1,0,,Pandemic Peak,2020,FY20 Q2,2020,20202,202004
20200411,4/11/2020,2020,2020,2,Q2 2020,4,April,Apr,15,2,11,7,Saturday,0,0,,Pandemic Peak,2020,FY20 Q2,2020,20202,202004
20200412,4/12/2020,2020,2020,2,Q2 2020,4,April,Apr,15,2,12,1,Sunday,0,0,,Pandemic Peak,2020,FY20 Q2,2020,20202,202004
20200413,4/13/2020,2020,2020,2,Q2 2020,4,April,Apr,16,2,13,2,Monday,1,0,,Pandemic Peak,2020,FY20 Q2,2020,20202,202004
20200414,4/14/2020,2020,2020,2,Q2 2020,4,April,Apr,16,2,14,3,Tuesday,1,0,,Pandemic Peak,2020,FY20 Q2,2020,20202,202004
20200415,4/15/2020,2020,2020,2,Q2 2020,4,April,Apr,16,3,15,4,Wednesday,1,0,,Pandemic Peak,2020,FY20 Q2,2020,20202,202004
20200416,4/16/2020,2020,2020,2,Q2 2020,4,April,Apr,16,3,16,5,Thursday,1,0,,Pandemic Peak,2020,FY20 Q2,2020,20202,202004
20200417,4/17/2020,2020,2020,2,Q2 2020,4,April,Apr,16,3,17,6,Friday,1,0,,Pandemic Peak,2020,FY20 Q2,2020,20202,202004
20200418,4/18/2020,2020,2020,2,Q2 2020,4,April,Apr,16,3,18,7,Saturday,0,0,,Pandemic Peak,2020,FY20 Q2,2020,20202,202004
20200419,4/19/2020,2020,2020,2,Q2 2020,4,April,Apr,16,3,19,1,Sunday,0,0,,Pandemic Peak,2020,FY20 Q2,2020,20202,202004
20200420,4/20/2020,2020,2020,2,Q2 2020,4,April,Apr,17,3,20,2,Monday,1,0,,Pandemic Peak,2020,FY20 Q2,2020,20202,202004
20200421,4/21/2020,2020,2020,2,Q2 2020,4,April,Apr,17,3,21,3,Tuesday,1,0,,Pandemic Peak,2020,FY20 Q2,2020,20202,202004
20200422,4/22/2020,2020,2020,2,Q2 2020,4,April,Apr,17,4,22,4,Wednesday,1,0,,Pandemic Peak,2020,FY20 Q2,2020,20202,202004
20200423,4/23/2020,2020,2020,2,Q2 2020,4,April,Apr,17,4,23,5,Thursday,1,0,,Pandemic Peak,2020,FY20 Q2,2020,20202,202004
20200424,4/24/2020,2020,2020,2,Q2 2020,4,April,Apr,17,4,24,6,Friday,1,0,,Pandemic Peak,2020,FY20 Q2,2020,20202,202004
20200425,4/25/2020,2020,2020,2,Q2 2020,4,April,Apr,17,4,25,7,Saturday,0,0,,Pandemic Peak,2020,FY20 Q2,2020,20202,202004
20200426,4/26/2020,2020,2020,2,Q2 2020,4,April,Apr,17,4,26,1,Sunday,0,0,,Pandemic Peak,2020,FY20 Q2,2020,20202,202004
20200427,4/27/2020,2020,2020,2,Q2 2020,4,April,Apr,18,4,27,2,Monday,1,0,,Pandemic Peak,2020,FY20 Q2,2020,20202,202004
20200428,4/28/2020,2020,2020,2,Q2 2020,4,April,Apr,18,4,28,3,Tuesday,1,0,,Pandemic Peak,2020,FY20 Q2,2020,20202,202004
20200429,4/29/2020,2020,2020,2,Q2 2020,4,April,Apr,18,5,29,4,Wednesday,1,0,,Pandemic Peak,2020,FY20 Q2,2020,20202,202004
20200430,4/30/2020,2020,2020,2,Q2 2020,4,April,Apr,18,5,30,5,Thursday,1,0,,Pandemic Peak,2020,FY20 Q2,2020,20202,202004
20200501,5/1/2020,2020,2020,2,Q2 2020,5,May,May,18,1,1,6,Friday,1,0,,Pandemic Peak,2020,FY20 Q2,2020,20202,202005
20200502,5/2/2020,2020,2020,2,Q2 2020,5,May,May,18,1,2,7,Saturday,0,0,,Pandemic Peak,2020,FY20 Q2,2020,20202,202005
20200503,5/3/2020,2020,2020,2,Q2 2020,5,May,May,18,1,3,1,Sunday,0,0,,Pandemic Peak,2020,FY20 Q2,2020,20202,202005
20200504,5/4/2020,2020,2020,2,Q2 2020,5,May,May,19,1,4,2,Monday,1,0,,Pandemic Peak,2020,FY20 Q2,2020,20202,202005
20200505,5/5/2020,2020,2020,2,Q2 2020,5,May,May,19,1,5,3,Tuesday,1,0,,Pandemic Peak,2020,FY20 Q2,2020,20202,202005
20200506,5/6/2020,2020,2020,2,Q2 2020,5,May,May,19,1,6,4,Wednesday,1,0,,Pandemic Peak,2020,FY20 Q2,2020,20202,202005
20200507,5/7/2020,2020,2020,2,Q2 2020,5,May,May,19,1,7,5,Thursday,1,0,,Pandemic Peak,2020,FY20 Q2,2020,20202,202005
20200508,5/8/2020,2020,2020,2,Q2 2020,5,May,May,19,2,8,6,Friday,1,0,,Pandemic Peak,2020,FY20 Q2,2020,20202,202005
20200509,5/9/2020,2020,2020,2,Q2 2020,5,May,May,19,2,9,7,Saturday,0,0,,Pandemic Peak,2020,FY20 Q2,2020,20202,202005
20200510,5/10/2020,2020,2020,2,Q2 2020,5,May,May,19,2,10,1,Sunday,0,0,,Pandemic Peak,2020,FY20 Q2,2020,20202,202005
20200511,5/11/2020,2020,2020,2,Q2 2020,5,May,May,20,2,11,2,Monday,1,0,,Pandemic Peak,2020,FY20 Q2,2020,20202,202005
20200512,5/12/2020,2020,2020,2,Q2 2020,5,May,May,20,2,12,3,Tuesday,1,0,,Pandemic Peak,2020,FY20 Q2,2020,20202,202005
20200513,5/13/2020,2020,2020,2,Q2 2020,5,May,May,20,2,13,4,Wednesday,1,0,,Pandemic Peak,2020,FY20 Q2,2020,20202,202005
20200514,5/14/2020,2020,2020,2,Q2 2020,5,May,May,20,2,14,5,Thursday,1,0,,Pandemic Peak,2020,FY20 Q2,2020,20202,202005
20200515,5/15/2020,2020,2020,2,Q2 2020,5,May,May,20,3,15,6,Friday,1,0,,Pandemic Peak,2020,FY20 Q2,2020,20202,202005
20200516,5/16/2020,2020,2020,2,Q2 2020,5,May,May,20,3,16,7,Saturday,0,0,,Pandemic Peak,2020,FY20 Q2,2020,20202,202005
20200517,5/17/2020,2020,2020,2,Q2 2020,5,May,May,20,3,17,1,Sunday,0,0,,Pandemic Peak,2020,FY20 Q2,2020,20202,202005
20200518,5/18/2020,2020,2020,2,Q2 2020,5,May,May,21,3,18,2,Monday,1,0,,Pandemic Peak,2020,FY20 Q2,2020,20202,202005
20200519,5/19/2020,2020,2020,2,Q2 2020,5,May,May,21,3,19,3,Tuesday,1,0,,Pandemic Peak,2020,FY20 Q2,2020,20202,202005
20200520,5/20/2020,2020,2020,2,Q2 2020,5,May,May,21,3,20,4,Wednesday,1,0,,Pandemic Peak,2020,FY20 Q2,2020,20202,202005
20200521,5/21/2020,2020,2020,2,Q2 2020,5,May,May,21,3,21,5,Thursday,1,0,,Pandemic Peak,2020,FY20 Q2,2020,20202,202005
20200522,5/22/2020,2020,2020,2,Q2 2020,5,May,May,21,4,22,6,Friday,1,0,,Pandemic Peak,2020,FY20 Q2,2020,20202,202005
20200523,5/23/2020,2020,2020,2,Q2 2020,5,May,May,21,4,23,7,Saturday,0,0,,Pandemic Peak,2020,FY20 Q2,2020,20202,202005
20200524,5/24/2020,2020,2020,2,Q2 2020,5,May,May,21,4,24,1,Sunday,0,0,,Pandemic Peak,2020,FY20 Q2,2020,20202,202005
20200525,5/25/2020,2020,2020,2,Q2 2020,5,May,May,22,4,25,2,Monday,1,1,Memorial Day,Pandemic Peak,2020,FY20 Q2,2020,20202,202005
20200526,5/26/2020,2020,2020,2,Q2 2020,5,May,May,22,4,26,3,Tuesday,1,0,,Pandemic Peak,2020,FY20 Q2,2020,20202,202005
20200527,5/27/2020,2020,2020,2,Q2 2020,5,May,May,22,4,27,4,Wednesday,1,0,,Pandemic Peak,2020,FY20 Q2,2020,20202,202005
20200528,5/28/2020,2020,2020,2,Q2 2020,5,May,May,22,4,28,5,Thursday,1,0,,Pandemic Peak,2020,FY20 Q2,2020,20202,202005
20200529,5/29/2020,2020,2020,2,Q2 2020,5,May,May,22,5,29,6,Friday,1,0,,Pandemic Peak,2020,FY20 Q2,2020,20202,202005
20200530,5/30/2020,2020,2020,2,Q2 2020,5,May,May,22,5,30,7,Saturday,0,0,,Pandemic Peak,2020,FY20 Q2,2020,20202,202005
20200531,5/31/2020,2020,2020,2,Q2 2020,5,May,May,22,5,31,1,Sunday,0,0,,Pandemic Peak,2020,FY20 Q2,2020,20202,202005
20200601,6/1/2020,2020,2020,2,Q2 2020,6,June,Jun,23,1,1,2,Monday,1,0,,Pandemic Peak,2020,FY20 Q2,2020,20202,202006
20200602,6/2/2020,2020,2020,2,Q2 2020,6,June,Jun,23,1,2,3,Tuesday,1,0,,Pandemic Peak,2020,FY20 Q2,2020,20202,202006
20200603,6/3/2020,2020,2020,2,Q2 2020,6,June,Jun,23,1,3,4,Wednesday,1,0,,Pandemic Peak,2020,FY20 Q2,2020,20202,202006
20200604,6/4/2020,2020,2020,2,Q2 2020,6,June,Jun,23,1,4,5,Thursday,1,0,,Pandemic Peak,2020,FY20 Q2,2020,20202,202006
20200605,6/5/2020,2020,2020,2,Q2 2020,6,June,Jun,23,1,5,6,Friday,1,0,,Pandemic Peak,2020,FY20 Q2,2020,20202,202006
20200606,6/6/2020,2020,2020,2,Q2 2020,6,June,Jun,23,1,6,7,Saturday,0,0,,Pandemic Peak,2020,FY20 Q2,2020,20202,202006
20200607,6/7/2020,2020,2020,2,Q2 2020,6,June,Jun,23,1,7,1,Sunday,0,0,,Pandemic Peak,2020,FY20 Q2,2020,20202,202006
20200608,6/8/2020,2020,2020,2,Q2 2020,6,June,Jun,24,2,8,2,Monday,1,0,,Pandemic Peak,2020,FY20 Q2,2020,20202,202006
20200609,6/9/2020,2020,2020,2,Q2 2020,6,June,Jun,24,2,9,3,Tuesday,1,0,,Pandemic Peak,2020,FY20 Q2,2020,20202,202006
20200610,6/10/2020,2020,2020,2,Q2 2020,6,June,Jun,24,2,10,4,Wednesday,1,0,,Pandemic Peak,2020,FY20 Q2,2020,20202,202006
20200611,6/11/2020,2020,2020,2,Q2 2020,6,June,Jun,24,2,11,5,Thursday,1,0,,Pandemic Peak,2020,FY20 Q2,2020,20202,202006
20200612,6/12/2020,2020,2020,2,Q2 2020,6,June,Jun,24,2,12,6,Friday,1,0,,Pandemic Peak,2020,FY20 Q2,2020,20202,202006
20200613,6/13/2020,2020,2020,2,Q2 2020,6,June,Jun,24,2,13,7,Saturday,0,0,,Pandemic Peak,2020,FY20 Q2,2020,20202,202006
20200614,6/14/2020,2020,2020,2,Q2 2020,6,June,Jun,24,2,14,1,Sunday,0,0,,Pandemic Peak,2020,FY20 Q2,2020,20202,202006
20200615,6/15/2020,2020,2020,2,Q2 2020,6,June,Jun,25,3,15,2,Monday,1,0,,Pandemic Peak,2020,FY20 Q2,2020,20202,202006
20200616,6/16/2020,2020,2020,2,Q2 2020,6,June,Jun,25,3,16,3,Tuesday,1,0,,Pandemic Peak,2020,FY20 Q2,2020,20202,202006
20200617,6/17/2020,2020,2020,2,Q2 2020,6,June,Jun,25,3,17,4,Wednesday,1,0,,Pandemic Peak,2020,FY20 Q2,2020,20202,202006
20200618,6/18/2020,2020,2020,2,Q2 2020,6,June,Jun,25,3,18,5,Thursday,1,0,,Pandemic Peak,2020,FY20 Q2,2020,20202,202006
20200619,6/19/2020,2020,2020,2,Q2 2020,6,June,Jun,25,3,19,6,Friday,1,0,,Pandemic Peak,2020,FY20 Q2,2020,20202,202006
20200620,6/20/2020,2020,2020,2,Q2 2020,6,June,Jun,25,3,20,7,Saturday,0,0,,Pandemic Peak,2020,FY20 Q2,2020,20202,202006
20200621,6/21/2020,2020,2020,2,Q2 2020,6,June,Jun,25,3,21,1,Sunday,0,0,,Pandemic Peak,2020,FY20 Q2,2020,20202,202006
20200622,6/22/2020,2020,2020,2,Q2 2020,6,June,Jun,26,4,22,2,Monday,1,0,,Pandemic Peak,2020,FY20 Q2,2020,20202,202006
20200623,6/23/2020,2020,2020,2,Q2 2020,6,June,Jun,26,4,23,3,Tuesday,1,0,,Pandemic Peak,2020,FY20 Q2,2020,20202,202006
20200624,6/24/2020,2020,2020,2,Q2 2020,6,June,Jun,26,4,24,4,Wednesday,1,0,,Pandemic Peak,2020,FY20 Q2,2020,20202,202006
20200625,6/25/2020,2020,2020,2,Q2 2020,6,June,Jun,26,4,25,5,Thursday,1,0,,Pandemic Peak,2020,FY20 Q2,2020,20202,202006
20200626,6/26/2020,2020,2020,2,Q2 2020,6,June,Jun,26,4,26,6,Friday,1,0,,Pandemic Peak,2020,FY20 Q2,2020,20202,202006
20200627,6/27/2020,2020,2020,2,Q2 2020,6,June,Jun,26,4,27,7,Saturday,0,0,,Pandemic Peak,2020,FY20 Q2,2020,20202,202006
20200628,6/28/2020,2020,2020,2,Q2 2020,6,June,Jun,26,4,28,1,Sunday,0,0,,Pandemic Peak,2020,FY20 Q2,2020,20202,202006
20200629,6/29/2020,2020,2020,2,Q2 2020,6,June,Jun,27,5,29,2,Monday,1,0,,Pandemic Peak,2020,FY20 Q2,2020,20202,202006
20200630,6/30/2020,2020,2020,2,Q2 2020,6,June,Jun,27,5,30,3,Tuesday,1,0,,Pandemic Peak,2020,FY20 Q2,2020,20202,202006
20200701,7/1/2020,2020,2020,3,Q3 2020,7,July,Jul,27,1,1,4,Wednesday,1,0,,Pandemic Peak,2020,FY20 Q3,2020,20203,202007
20200702,7/2/2020,2020,2020,3,Q3 2020,7,July,Jul,27,1,2,5,Thursday,1,0,,Pandemic Peak,2020,FY20 Q3,2020,20203,202007
20200703,7/3/2020,2020,2020,3,Q3 2020,7,July,Jul,27,1,3,6,Friday,1,0,,Pandemic Peak,2020,FY20 Q3,2020,20203,202007
20200704,7/4/2020,2020,2020,3,Q3 2020,7,July,Jul,27,1,4,7,Saturday,0,1,Independence Day,Pandemic Peak,2020,FY20 Q3,2020,20203,202007
20200705,7/5/2020,2020,2020,3,Q3 2020,7,July,Jul,27,1,5,1,Sunday,0,0,,Pandemic Peak,2020,FY20 Q3,2020,20203,202007
20200706,7/6/2020,2020,2020,3,Q3 2020,7,July,Jul,28,1,6,2,Monday,1,0,,Pandemic Peak,2020,FY20 Q3,2020,20203,202007
20200707,7/7/2020,2020,2020,3,Q3 2020,7,July,Jul,28,1,7,3,Tuesday,1,0,,Pandemic Peak,2020,FY20 Q3,2020,20203,202007
20200708,7/8/2020,2020,2020,3,Q3 2020,7,July,Jul,28,2,8,4,Wednesday,1,0,,Pandemic Peak,2020,FY20 Q3,2020,20203,202007
20200709,7/9/2020,2020,2020,3,Q3 2020,7,July,Jul,28,2,9,5,Thursday,1,0,,Pandemic Peak,2020,FY20 Q3,2020,20203,202007
20200710,7/10/2020,2020,2020,3,Q3 2020,7,July,Jul,28,2,10,6,Friday,1,0,,Pandemic Peak,2020,FY20 Q3,2020,20203,202007
20200711,7/11/2020,2020,2020,3,Q3 2020,7,July,Jul,28,2,11,7,Saturday,0,0,,Pandemic Peak,2020,FY20 Q3,2020,20203,202007
20200712,7/12/2020,2020,2020,3,Q3 2020,7,July,Jul,28,2,12,1,Sunday,0,0,,Pandemic Peak,2020,FY20 Q3,2020,20203,202007
20200713,7/13/2020,2020,2020,3,Q3 2020,7,July,Jul,29,2,13,2,Monday,1,0,,Pandemic Peak,2020,FY20 Q3,2020,20203,202007
20200714,7/14/2020,2020,2020,3,Q3 2020,7,July,Jul,29,2,14,3,Tuesday,1,0,,Pandemic Peak,2020,FY20 Q3,2020,20203,202007
20200715,7/15/2020,2020,2020,3,Q3 2020,7,July,Jul,29,3,15,4,Wednesday,1,0,,Pandemic Peak,2020,FY20 Q3,2020,20203,202007
20200716,7/16/2020,2020,2020,3,Q3 2020,7,July,Jul,29,3,16,5,Thursday,1,0,,Pandemic Peak,2020,FY20 Q3,2020,20203,202007
20200717,7/17/2020,2020,2020,3,Q3 2020,7,July,Jul,29,3,17,6,Friday,1,0,,Pandemic Peak,2020,FY20 Q3,2020,20203,202007
20200718,7/18/2020,2020,2020,3,Q3 2020,7,July,Jul,29,3,18,7,Saturday,0,0,,Pandemic Peak,2020,FY20 Q3,2020,20203,202007
20200719,7/19/2020,2020,2020,3,Q3 2020,7,July,Jul,29,3,19,1,Sunday,0,0,,Pandemic Peak,2020,FY20 Q3,2020,20203,202007
20200720,7/20/2020,2020,2020,3,Q3 2020,7,July,Jul,30,3,20,2,Monday,1,0,,Pandemic Peak,2020,FY20 Q3,2020,20203,202007
20200721,7/21/2020,2020,2020,3,Q3 2020,7,July,Jul,30,3,21,3,Tuesday,1,0,,Pandemic Peak,2020,FY20 Q3,2020,20203,202007
20200722,7/22/2020,2020,2020,3,Q3 2020,7,July,Jul,30,4,22,4,Wednesday,1,0,,Pandemic Peak,2020,FY20 Q3,2020,20203,202007
20200723,7/23/2020,2020,2020,3,Q3 2020,7,July,Jul,30,4,23,5,Thursday,1,0,,Pandemic Peak,2020,FY20 Q3,2020,20203,202007
20200724,7/24/2020,2020,2020,3,Q3 2020,7,July,Jul,30,4,24,6,Friday,1,0,,Pandemic Peak,2020,FY20 Q3,2020,20203,202007
20200725,7/25/2020,2020,2020,3,Q3 2020,7,July,Jul,30,4,25,7,Saturday,0,0,,Pandemic Peak,2020,FY20 Q3,2020,20203,202007
20200726,7/26/2020,2020,2020,3,Q3 2020,7,July,Jul,30,4,26,1,Sunday,0,0,,Pandemic Peak,2020,FY20 Q3,2020,20203,202007
20200727,7/27/2020,2020,2020,3,Q3 2020,7,July,Jul,31,4,27,2,Monday,1,0,,Pandemic Peak,2020,FY20 Q3,2020,20203,202007
20200728,7/28/2020,2020,2020,3,Q3 2020,7,July,Jul,31,4,28,3,Tuesday,1,0,,Pandemic Peak,2020,FY20 Q3,2020,20203,202007
20200729,7/29/2020,2020,2020,3,Q3 2020,7,July,Jul,31,5,29,4,Wednesday,1,0,,Pandemic Peak,2020,FY20 Q3,2020,20203,202007
20200730,7/30/2020,2020,2020,3,Q3 2020,7,July,Jul,31,5,30,5,Thursday,1,0,,Pandemic Peak,2020,FY20 Q3,2020,20203,202007
20200731,7/31/2020,2020,2020,3,Q3 2020,7,July,Jul,31,5,31,6,Friday,1,0,,Pandemic Peak,2020,FY20 Q3,2020,20203,202007
20200801,8/1/2020,2020,2020,3,Q3 2020,8,August,Aug,31,1,1,7,Saturday,0,0,,Pandemic Peak,2020,FY20 Q3,2020,20203,202008
20200802,8/2/2020,2020,2020,3,Q3 2020,8,August,Aug,31,1,2,1,Sunday,0,0,,Pandemic Peak,2020,FY20 Q3,2020,20203,202008
20200803,8/3/2020,2020,2020,3,Q3 2020,8,August,Aug,32,1,3,2,Monday,1,0,,Pandemic Peak,2020,FY20 Q3,2020,20203,202008
20200804,8/4/2020,2020,2020,3,Q3 2020,8,August,Aug,32,1,4,3,Tuesday,1,0,,Pandemic Peak,2020,FY20 Q3,2020,20203,202008
20200805,8/5/2020,2020,2020,3,Q3 2020,8,August,Aug,32,1,5,4,Wednesday,1,0,,Pandemic Peak,2020,FY20 Q3,2020,20203,202008
20200806,8/6/2020,2020,2020,3,Q3 2020,8,August,Aug,32,1,6,5,Thursday,1,0,,Pandemic Peak,2020,FY20 Q3,2020,20203,202008
20200807,8/7/2020,2020,2020,3,Q3 2020,8,August,Aug,32,1,7,6,Friday,1,0,,Pandemic Peak,2020,FY20 Q3,2020,20203,202008
20200808,8/8/2020,2020,2020,3,Q3 2020,8,August,Aug,32,2,8,7,Saturday,0,0,,Pandemic Peak,2020,FY20 Q3,2020,20203,202008
20200809,8/9/2020,2020,2020,3,Q3 2020,8,August,Aug,32,2,9,1,Sunday,0,0,,Pandemic Peak,2020,FY20 Q3,2020,20203,202008
20200810,8/10/2020,2020,2020,3,Q3 2020,8,August,Aug,33,2,10,2,Monday,1,0,,Pandemic Peak,2020,FY20 Q3,2020,20203,202008
20200811,8/11/2020,2020,2020,3,Q3 2020,8,August,Aug,33,2,11,3,Tuesday,1,0,,Pandemic Peak,2020,FY20 Q3,2020,20203,202008
20200812,8/12/2020,2020,2020,3,Q3 2020,8,August,Aug,33,2,12,4,Wednesday,1,0,,Pandemic Peak,2020,FY20 Q3,2020,20203,202008
20200813,8/13/2020,2020,2020,3,Q3 2020,8,August,Aug,33,2,13,5,Thursday,1,0,,Pandemic Peak,2020,FY20 Q3,2020,20203,202008
20200814,8/14/2020,2020,2020,3,Q3 2020,8,August,Aug,33,2,14,6,Friday,1,0,,Pandemic Peak,2020,FY20 Q3,2020,20203,202008
20200815,8/15/2020,2020,2020,3,Q3 2020,8,August,Aug,33,3,15,7,Saturday,0,0,,Pandemic Peak,2020,FY20 Q3,2020,20203,202008
20200816,8/16/2020,2020,2020,3,Q3 2020,8,August,Aug,33,3,16,1,Sunday,0,0,,Pandemic Peak,2020,FY20 Q3,2020,20203,202008
20200817,8/17/2020,2020,2020,3,Q3 2020,8,August,Aug,34,3,17,2,Monday,1,0,,Pandemic Peak,2020,FY20 Q3,2020,20203,202008
20200818,8/18/2020,2020,2020,3,Q3 2020,8,August,Aug,34,3,18,3,Tuesday,1,0,,Pandemic Peak,2020,FY20 Q3,2020,20203,202008
20200819,8/19/2020,2020,2020,3,Q3 2020,8,August,Aug,34,3,19,4,Wednesday,1,0,,Pandemic Peak,2020,FY20 Q3,2020,20203,202008
20200820,8/20/2020,2020,2020,3,Q3 2020,8,August,Aug,34,3,20,5,Thursday,1,0,,Pandemic Peak,2020,FY20 Q3,2020,20203,202008
20200821,8/21/2020,2020,2020,3,Q3 2020,8,August,Aug,34,3,21,6,Friday,1,0,,Pandemic Peak,2020,FY20 Q3,2020,20203,202008
20200822,8/22/2020,2020,2020,3,Q3 2020,8,August,Aug,34,4,22,7,Saturday,0,0,,Pandemic Peak,2020,FY20 Q3,2020,20203,202008
20200823,8/23/2020,2020,2020,3,Q3 2020,8,August,Aug,34,4,23,1,Sunday,0,0,,Pandemic Peak,2020,FY20 Q3,2020,20203,202008
20200824,8/24/2020,2020,2020,3,Q3 2020,8,August,Aug,35,4,24,2,Monday,1,0,,Pandemic Peak,2020,FY20 Q3,2020,20203,202008
20200825,8/25/2020,2020,2020,3,Q3 2020,8,August,Aug,35,4,25,3,Tuesday,1,0,,Pandemic Peak,2020,FY20 Q3,2020,20203,202008
20200826,8/26/2020,2020,2020,3,Q3 2020,8,August,Aug,35,4,26,4,Wednesday,1,0,,Pandemic Peak,2020,FY20 Q3,2020,20203,202008
20200827,8/27/2020,2020,2020,3,Q3 2020,8,August,Aug,35,4,27,5,Thursday,1,0,,Pandemic Peak,2020,FY20 Q3,2020,20203,202008
20200828,8/28/2020,2020,2020,3,Q3 2020,8,August,Aug,35,4,28,6,Friday,1,0,,Pandemic Peak,2020,FY20 Q3,2020,20203,202008
20200829,8/29/2020,2020,2020,3,Q3 2020,8,August,Aug,35,5,29,7,Saturday,0,0,,Pandemic Peak,2020,FY20 Q3,2020,20203,202008
20200830,8/30/2020,2020,2020,3,Q3 2020,8,August,Aug,35,5,30,1,Sunday,0,0,,Pandemic Peak,2020,FY20 Q3,2020,20203,202008
20200831,8/31/2020,2020,2020,3,Q3 2020,8,August,Aug,36,5,31,2,Monday,1,0,,Pandemic Peak,2020,FY20 Q3,2020,20203,202008
20200901,9/1/2020,2020,2020,3,Q3 2020,9,September,Sep,36,1,1,3,Tuesday,1,0,,Pandemic Peak,2020,FY20 Q3,2020,20203,202009
20200902,9/2/2020,2020,2020,3,Q3 2020,9,September,Sep,36,1,2,4,Wednesday,1,0,,Pandemic Peak,2020,FY20 Q3,2020,20203,202009
20200903,9/3/2020,2020,2020,3,Q3 2020,9,September,Sep,36,1,3,5,Thursday,1,0,,Pandemic Peak,2020,FY20 Q3,2020,20203,202009
20200904,9/4/2020,2020,2020,3,Q3 2020,9,September,Sep,36,1,4,6,Friday,1,0,,Pandemic Peak,2020,FY20 Q3,2020,20203,202009
20200905,9/5/2020,2020,2020,3,Q3 2020,9,September,Sep,36,1,5,7,Saturday,0,0,,Pandemic Peak,2020,FY20 Q3,2020,20203,202009
20200906,9/6/2020,2020,2020,3,Q3 2020,9,September,Sep,36,1,6,1,Sunday,0,0,,Pandemic Peak,2020,FY20 Q3,2020,20203,202009
20200907,9/7/2020,2020,2020,3,Q3 2020,9,September,Sep,37,1,7,2,Monday,1,1,Labor Day,Pandemic Peak,2020,FY20 Q3,2020,20203,202009
20200908,9/8/2020,2020,2020,3,Q3 2020,9,September,Sep,37,2,8,3,Tuesday,1,0,,Pandemic Peak,2020,FY20 Q3,2020,20203,202009
20200909,9/9/2020,2020,2020,3,Q3 2020,9,September,Sep,37,2,9,4,Wednesday,1,0,,Pandemic Peak,2020,FY20 Q3,2020,20203,202009
20200910,9/10/2020,2020,2020,3,Q3 2020,9,September,Sep,37,2,10,5,Thursday,1,0,,Pandemic Peak,2020,FY20 Q3,2020,20203,202009
20200911,9/11/2020,2020,2020,3,Q3 2020,9,September,Sep,37,2,11,6,Friday,1,0,,Pandemic Peak,2020,FY20 Q3,2020,20203,202009
20200912,9/12/2020,2020,2020,3,Q3 2020,9,September,Sep,37,2,12,7,Saturday,0,0,,Pandemic Peak,2020,FY20 Q3,2020,20203,202009
20200913,9/13/2020,2020,2020,3,Q3 2020,9,September,Sep,37,2,13,1,Sunday,0,0,,Pandemic Peak,2020,FY20 Q3,2020,20203,202009
20200914,9/14/2020,2020,2020,3,Q3 2020,9,September,Sep,38,2,14,2,Monday,1,0,,Pandemic Peak,2020,FY20 Q3,2020,20203,202009
20200915,9/15/2020,2020,2020,3,Q3 2020,9,September,Sep,38,3,15,3,Tuesday,1,0,,Pandemic Peak,2020,FY20 Q3,2020,20203,202009
20200916,9/16/2020,2020,2020,3,Q3 2020,9,September,Sep,38,3,16,4,Wednesday,1,0,,Pandemic Peak,2020,FY20 Q3,2020,20203,202009
20200917,9/17/2020,2020,2020,3,Q3 2020,9,September,Sep,38,3,17,5,Thursday,1,0,,Pandemic Peak,2020,FY20 Q3,2020,20203,202009
20200918,9/18/2020,2020,2020,3,Q3 2020,9,September,Sep,38,3,18,6,Friday,1,0,,Pandemic Peak,2020,FY20 Q3,2020,20203,202009
20200919,9/19/2020,2020,2020,3,Q3 2020,9,September,Sep,38,3,19,7,Saturday,0,0,,Pandemic Peak,2020,FY20 Q3,2020,20203,202009
20200920,9/20/2020,2020,2020,3,Q3 2020,9,September,Sep,38,3,20,1,Sunday,0,0,,Pandemic Peak,2020,FY20 Q3,2020,20203,202009
20200921,9/21/2020,2020,2020,3,Q3 2020,9,September,Sep,39,3,21,2,Monday,1,0,,Pandemic Peak,2020,FY20 Q3,2020,20203,202009
20200922,9/22/2020,2020,2020,3,Q3 2020,9,September,Sep,39,4,22,3,Tuesday,1,0,,Pandemic Peak,2020,FY20 Q3,2020,20203,202009
20200923,9/23/2020,2020,2020,3,Q3 2020,9,September,Sep,39,4,23,4,Wednesday,1,0,,Pandemic Peak,2020,FY20 Q3,2020,20203,202009
20200924,9/24/2020,2020,2020,3,Q3 2020,9,September,Sep,39,4,24,5,Thursday,1,0,,Pandemic Peak,2020,FY20 Q3,2020,20203,202009
20200925,9/25/2020,2020,2020,3,Q3 2020,9,September,Sep,39,4,25,6,Friday,1,0,,Pandemic Peak,2020,FY20 Q3,2020,20203,202009
20200926,9/26/2020,2020,2020,3,Q3 2020,9,September,Sep,39,4,26,7,Saturday,0,0,,Pandemic Peak,2020,FY20 Q3,2020,20203,202009
20200927,9/27/2020,2020,2020,3,Q3 2020,9,September,Sep,39,4,27,1,Sunday,0,0,,Pandemic Peak,2020,FY20 Q3,2020,20203,202009
20200928,9/28/2020,2020,2020,3,Q3 2020,9,September,Sep,40,4,28,2,Monday,1,0,,Pandemic Peak,2020,FY20 Q3,2020,20203,202009
20200929,9/29/2020,2020,2020,3,Q3 2020,9,September,Sep,40,5,29,3,Tuesday,1,0,,Pandemic Peak,2020,FY20 Q3,2020,20203,202009
20200930,9/30/2020,2020,2020,3,Q3 2020,9,September,Sep,40,5,30,4,Wednesday,1,0,,Pandemic Peak,2020,FY20 Q3,2020,20203,202009
20201001,10/1/2020,2020,2020,4,Q4 2020,10,October,Oct,40,1,1,5,Thursday,1,0,,Pandemic Peak,2020,FY20 Q4,2020,20204,202010
20201002,10/2/2020,2020,2020,4,Q4 2020,10,October,Oct,40,1,2,6,Friday,1,0,,Pandemic Peak,2020,FY20 Q4,2020,20204,202010
20201003,10/3/2020,2020,2020,4,Q4 2020,10,October,Oct,40,1,3,7,Saturday,0,0,,Pandemic Peak,2020,FY20 Q4,2020,20204,202010
20201004,10/4/2020,2020,2020,4,Q4 2020,10,October,Oct,40,1,4,1,Sunday,0,0,,Pandemic Peak,2020,FY20 Q4,2020,20204,202010
20201005,10/5/2020,2020,2020,4,Q4 2020,10,October,Oct,41,1,5,2,Monday,1,0,,Pandemic Peak,2020,FY20 Q4,2020,20204,202010
20201006,10/6/2020,2020,2020,4,Q4 2020,10,October,Oct,41,1,6,3,Tuesday,1,0,,Pandemic Peak,2020,FY20 Q4,2020,20204,202010
20201007,10/7/2020,2020,2020,4,Q4 2020,10,October,Oct,41,1,7,4,Wednesday,1,0,,Pandemic Peak,2020,FY20 Q4,2020,20204,202010
20201008,10/8/2020,2020,2020,4,Q4 2020,10,October,Oct,41,2,8,5,Thursday,1,0,,Pandemic Peak,2020,FY20 Q4,2020,20204,202010
20201009,10/9/2020,2020,2020,4,Q4 2020,10,October,Oct,41,2,9,6,Friday,1,0,,Pandemic Peak,2020,FY20 Q4,2020,20204,202010
20201010,10/10/2020,2020,2020,4,Q4 2020,10,October,Oct,41,2,10,7,Saturday,0,0,,Pandemic Peak,2020,FY20 Q4,2020,20204,202010
20201011,10/11/2020,2020,2020,4,Q4 2020,10,October,Oct,41,2,11,1,Sunday,0,0,,Pandemic Peak,2020,FY20 Q4,2020,20204,202010
20201012,10/12/2020,2020,2020,4,Q4 2020,10,October,Oct,42,2,12,2,Monday,1,0,,Pandemic Peak,2020,FY20 Q4,2020,20204,202010
20201013,10/13/2020,2020,2020,4,Q4 2020,10,October,Oct,42,2,13,3,Tuesday,1,0,,Pandemic Peak,2020,FY20 Q4,2020,20204,202010
20201014,10/14/2020,2020,2020,4,Q4 2020,10,October,Oct,42,2,14,4,Wednesday,1,0,,Pandemic Peak,2020,FY20 Q4,2020,20204,202010
20201015,10/15/2020,2020,2020,4,Q4 2020,10,October,Oct,42,3,15,5,Thursday,1,0,,Pandemic Peak,2020,FY20 Q4,2020,20204,202010
20201016,10/16/2020,2020,2020,4,Q4 2020,10,October,Oct,42,3,16,6,Friday,1,0,,Pandemic Peak,2020,FY20 Q4,2020,20204,202010
20201017,10/17/2020,2020,2020,4,Q4 2020,10,October,Oct,42,3,17,7,Saturday,0,0,,Pandemic Peak,2020,FY20 Q4,2020,20204,202010
20201018,10/18/2020,2020,2020,4,Q4 2020,10,October,Oct,42,3,18,1,Sunday,0,0,,Pandemic Peak,2020,FY20 Q4,2020,20204,202010
20201019,10/19/2020,2020,2020,4,Q4 2020,10,October,Oct,43,3,19,2,Monday,1,0,,Pandemic Peak,2020,FY20 Q4,2020,20204,202010
20201020,10/20/2020,2020,2020,4,Q4 2020,10,October,Oct,43,3,20,3,Tuesday,1,0,,Pandemic Peak,2020,FY20 Q4,2020,20204,202010
20201021,10/21/2020,2020,2020,4,Q4 2020,10,October,Oct,43,3,21,4,Wednesday,1,0,,Pandemic Peak,2020,FY20 Q4,2020,20204,202010
20201022,10/22/2020,2020,2020,4,Q4 2020,10,October,Oct,43,4,22,5,Thursday,1,0,,Pandemic Peak,2020,FY20 Q4,2020,20204,202010
20201023,10/23/2020,2020,2020,4,Q4 2020,10,October,Oct,43,4,23,6,Friday,1,0,,Pandemic Peak,2020,FY20 Q4,2020,20204,202010
20201024,10/24/2020,2020,2020,4,Q4 2020,10,October,Oct,43,4,24,7,Saturday,0,0,,Pandemic Peak,2020,FY20 Q4,2020,20204,202010
20201025,10/25/2020,2020,2020,4,Q4 2020,10,October,Oct,43,4,25,1,Sunday,0,0,,Pandemic Peak,2020,FY20 Q4,2020,20204,202010
20201026,10/26/2020,2020,2020,4,Q4 2020,10,October,Oct,44,4,26,2,Monday,1,0,,Pandemic Peak,2020,FY20 Q4,2020,20204,202010
20201027,10/27/2020,2020,2020,4,Q4 2020,10,October,Oct,44,4,27,3,Tuesday,1,0,,Pandemic Peak,2020,FY20 Q4,2020,20204,202010
20201028,10/28/2020,2020,2020,4,Q4 2020,10,October,Oct,44,4,28,4,Wednesday,1,0,,Pandemic Peak,2020,FY20 Q4,2020,20204,202010
20201029,10/29/2020,2020,2020,4,Q4 2020,10,October,Oct,44,5,29,5,Thursday,1,0,,Pandemic Peak,2020,FY20 Q4,2020,20204,202010
20201030,10/30/2020,2020,2020,4,Q4 2020,10,October,Oct,44,5,30,6,Friday,1,0,,Pandemic Peak,2020,FY20 Q4,2020,20204,202010
20201031,10/31/2020,2020,2020,4,Q4 2020,10,October,Oct,44,5,31,7,Saturday,0,0,,Pandemic Peak,2020,FY20 Q4,2020,20204,202010
20201101,11/1/2020,2020,2020,4,Q4 2020,11,November,Nov,44,1,1,1,Sunday,0,0,,Pandemic Peak,2020,FY20 Q4,2020,20204,202011
20201102,11/2/2020,2020,2020,4,Q4 2020,11,November,Nov,45,1,2,2,Monday,1,0,,Pandemic Peak,2020,FY20 Q4,2020,20204,202011
20201103,11/3/2020,2020,2020,4,Q4 2020,11,November,Nov,45,1,3,3,Tuesday,1,0,,Pandemic Peak,2020,FY20 Q4,2020,20204,202011
20201104,11/4/2020,2020,2020,4,Q4 2020,11,November,Nov,45,1,4,4,Wednesday,1,0,,Pandemic Peak,2020,FY20 Q4,2020,20204,202011
20201105,11/5/2020,2020,2020,4,Q4 2020,11,November,Nov,45,1,5,5,Thursday,1,0,,Pandemic Peak,2020,FY20 Q4,2020,20204,202011
20201106,11/6/2020,2020,2020,4,Q4 2020,11,November,Nov,45,1,6,6,Friday,1,0,,Pandemic Peak,2020,FY20 Q4,2020,20204,202011
20201107,11/7/2020,2020,2020,4,Q4 2020,11,November,Nov,45,1,7,7,Saturday,0,0,,Pandemic Peak,2020,FY20 Q4,2020,20204,202011
20201108,11/8/2020,2020,2020,4,Q4 2020,11,November,Nov,45,2,8,1,Sunday,0,0,,Pandemic Peak,2020,FY20 Q4,2020,20204,202011
20201109,11/9/2020,2020,2020,4,Q4 2020,11,November,Nov,46,2,9,2,Monday,1,0,,Pandemic Peak,2020,FY20 Q4,2020,20204,202011
20201110,11/10/2020,2020,2020,4,Q4 2020,11,November,Nov,46,2,10,3,Tuesday,1,0,,Pandemic Peak,2020,FY20 Q4,2020,20204,202011
20201111,11/11/2020,2020,2020,4,Q4 2020,11,November,Nov,46,2,11,4,Wednesday,1,0,,Pandemic Peak,2020,FY20 Q4,2020,20204,202011
20201112,11/12/2020,2020,2020,4,Q4 2020,11,November,Nov,46,2,12,5,Thursday,1,0,,Pandemic Peak,2020,FY20 Q4,2020,20204,202011
20201113,11/13/2020,2020,2020,4,Q4 2020,11,November,Nov,46,2,13,6,Friday,1,0,,Pandemic Peak,2020,FY20 Q4,2020,20204,202011
20201114,11/14/2020,2020,2020,4,Q4 2020,11,November,Nov,46,2,14,7,Saturday,0,0,,Pandemic Peak,2020,FY20 Q4,2020,20204,202011
20201115,11/15/2020,2020,2020,4,Q4 2020,11,November,Nov,46,3,15,1,Sunday,0,0,,Pandemic Peak,2020,FY20 Q4,2020,20204,202011
20201116,11/16/2020,2020,2020,4,Q4 2020,11,November,Nov,47,3,16,2,Monday,1,0,,Pandemic Peak,2020,FY20 Q4,2020,20204,202011
20201117,11/17/2020,2020,2020,4,Q4 2020,11,November,Nov,47,3,17,3,Tuesday,1,0,,Pandemic Peak,2020,FY20 Q4,2020,20204,202011
20201118,11/18/2020,2020,2020,4,Q4 2020,11,November,Nov,47,3,18,4,Wednesday,1,0,,Pandemic Peak,2020,FY20 Q4,2020,20204,202011
20201119,11/19/2020,2020,2020,4,Q4 2020,11,November,Nov,47,3,19,5,Thursday,1,0,,Pandemic Peak,2020,FY20 Q4,2020,20204,202011
20201120,11/20/2020,2020,2020,4,Q4 2020,11,November,Nov,47,3,20,6,Friday,1,0,,Pandemic Peak,2020,FY20 Q4,2020,20204,202011
20201121,11/21/2020,2020,2020,4,Q4 2020,11,November,Nov,47,3,21,7,Saturday,0,0,,Pandemic Peak,2020,FY20 Q4,2020,20204,202011
20201122,11/22/2020,2020,2020,4,Q4 2020,11,November,Nov,47,4,22,1,Sunday,0,0,,Pandemic Peak,2020,FY20 Q4,2020,20204,202011
20201123,11/23/2020,2020,2020,4,Q4 2020,11,November,Nov,48,4,23,2,Monday,1,0,,Pandemic Peak,2020,FY20 Q4,2020,20204,202011
20201124,11/24/2020,2020,2020,4,Q4 2020,11,November,Nov,48,4,24,3,Tuesday,1,0,,Pandemic Peak,2020,FY20 Q4,2020,20204,202011
20201125,11/25/2020,2020,2020,4,Q4 2020,11,November,Nov,48,4,25,4,Wednesday,1,0,,Pandemic Peak,2020,FY20 Q4,2020,20204,202011
20201126,11/26/2020,2020,2020,4,Q4 2020,11,November,Nov,48,4,26,5,Thursday,1,1,Thanksgiving Day,Pandemic Peak,2020,FY20 Q4,2020,20204,202011
20201127,11/27/2020,2020,2020,4,Q4 2020,11,November,Nov,48,4,27,6,Friday,1,0,,Pandemic Peak,2020,FY20 Q4,2020,20204,202011
20201128,11/28/2020,2020,2020,4,Q4 2020,11,November,Nov,48,4,28,7,Saturday,0,0,,Pandemic Peak,2020,FY20 Q4,2020,20204,202011
20201129,11/29/2020,2020,2020,4,Q4 2020,11,November,Nov,48,5,29,1,Sunday,0,0,,Pandemic Peak,2020,FY20 Q4,2020,20204,202011
20201130,11/30/2020,2020,2020,4,Q4 2020,11,November,Nov,49,5,30,2,Monday,1,0,,Pandemic Peak,2020,FY20 Q4,2020,20204,202011
20201201,12/1/2020,2020,2020,4,Q4 2020,12,December,Dec,49,1,1,3,Tuesday,1,0,,Pandemic Peak,2020,FY20 Q4,2020,20204,202012
20201202,12/2/2020,2020,2020,4,Q4 2020,12,December,Dec,49,1,2,4,Wednesday,1,0,,Pandemic Peak,2020,FY20 Q4,2020,20204,202012
20201203,12/3/2020,2020,2020,4,Q4 2020,12,December,Dec,49,1,3,5,Thursday,1,0,,Pandemic Peak,2020,FY20 Q4,2020,20204,202012
20201204,12/4/2020,2020,2020,4,Q4 2020,12,December,Dec,49,1,4,6,Friday,1,0,,Pandemic Peak,2020,FY20 Q4,2020,20204,202012
20201205,12/5/2020,2020,2020,4,Q4 2020,12,December,Dec,49,1,5,7,Saturday,0,0,,Pandemic Peak,2020,FY20 Q4,2020,20204,202012
20201206,12/6/2020,2020,2020,4,Q4 2020,12,December,Dec,49,1,6,1,Sunday,0,0,,Pandemic Peak,2020,FY20 Q4,2020,20204,202012
20201207,12/7/2020,2020,2020,4,Q4 2020,12,December,Dec,50,1,7,2,Monday,1,0,,Pandemic Peak,2020,FY20 Q4,2020,20204,202012
20201208,12/8/2020,2020,2020,4,Q4 2020,12,December,Dec,50,2,8,3,Tuesday,1,0,,Pandemic Peak,2020,FY20 Q4,2020,20204,202012
20201209,12/9/2020,2020,2020,4,Q4 2020,12,December,Dec,50,2,9,4,Wednesday,1,0,,Pandemic Peak,2020,FY20 Q4,2020,20204,202012
20201210,12/10/2020,2020,2020,4,Q4 2020,12,December,Dec,50,2,10,5,Thursday,1,0,,Pandemic Peak,2020,FY20 Q4,2020,20204,202012
20201211,12/11/2020,2020,2020,4,Q4 2020,12,December,Dec,50,2,11,6,Friday,1,0,,Pandemic Peak,2020,FY20 Q4,2020,20204,202012
20201212,12/12/2020,2020,2020,4,Q4 2020,12,December,Dec,50,2,12,7,Saturday,0,0,,Pandemic Peak,2020,FY20 Q4,2020,20204,202012
20201213,12/13/2020,2020,2020,4,Q4 2020,12,December,Dec,50,2,13,1,Sunday,0,0,,Pandemic Peak,2020,FY20 Q4,2020,20204,202012
20201214,12/14/2020,2020,2020,4,Q4 2020,12,December,Dec,51,2,14,2,Monday,1,0,,Pandemic Peak,2020,FY20 Q4,2020,20204,202012
20201215,12/15/2020,2020,2020,4,Q4 2020,12,December,Dec,51,3,15,3,Tuesday,1,0,,Pandemic Peak,2020,FY20 Q4,2020,20204,202012
20201216,12/16/2020,2020,2020,4,Q4 2020,12,December,Dec,51,3,16,4,Wednesday,1,0,,Pandemic Peak,2020,FY20 Q4,2020,20204,202012
20201217,12/17/2020,2020,2020,4,Q4 2020,12,December,Dec,51,3,17,5,Thursday,1,0,,Pandemic Peak,2020,FY20 Q4,2020,20204,202012
20201218,12/18/2020,2020,2020,4,Q4 2020,12,December,Dec,51,3,18,6,Friday,1,0,,Pandemic Peak,2020,FY20 Q4,2020,20204,202012
20201219,12/19/2020,2020,2020,4,Q4 2020,12,December,Dec,51,3,19,7,Saturday,0,0,,Pandemic Peak,2020,FY20 Q4,2020,20204,202012
20201220,12/20/2020,2020,2020,4,Q4 2020,12,December,Dec,51,3,20,1,Sunday,0,0,,Pandemic Peak,2020,FY20 Q4,2020,20204,202012
20201221,12/21/2020,2020,2020,4,Q4 2020,12,December,Dec,52,3,21,2,Monday,1,0,,Pandemic Peak,2020,FY20 Q4,2020,20204,202012
20201222,12/22/2020,2020,2020,4,Q4 2020,12,December,Dec,52,4,22,3,Tuesday,1,0,,Pandemic Peak,2020,FY20 Q4,2020,20204,202012
20201223,12/23/2020,2020,2020,4,Q4 2020,12,December,Dec,52,4,23,4,Wednesday,1,0,,Pandemic Peak,2020,FY20 Q4,2020,20204,202012
20201224,12/24/2020,2020,2020,4,Q4 2020,12,December,Dec,52,4,24,5,Thursday,1,0,,Pandemic Peak,2020,FY20 Q4,2020,20204,202012
20201225,12/25/2020,2020,2020,4,Q4 2020,12,December,Dec,52,4,25,6,Friday,1,1,Christmas Day,Pandemic Peak,2020,FY20 Q4,2020,20204,202012
20201226,12/26/2020,2020,2020,4,Q4 2020,12,December,Dec,52,4,26,7,Saturday,0,0,,Pandemic Peak,2020,FY20 Q4,2020,20204,202012
20201227,12/27/2020,2020,2020,4,Q4 2020,12,December,Dec,52,4,27,1,Sunday,0,0,,Pandemic Peak,2020,FY20 Q4,2020,20204,202012
20201228,12/28/2020,2020,2020,4,Q4 2020,12,December,Dec,53,4,28,2,Monday,1,0,,Pandemic Peak,2020,FY20 Q4,2020,20204,202012
20201229,12/29/2020,2020,2020,4,Q4 2020,12,December,Dec,53,5,29,3,Tuesday,1,0,,Pandemic Peak,2020,FY20 Q4,2020,20204,202012
20201230,12/30/2020,2020,2020,4,Q4 2020,12,December,Dec,53,5,30,4,Wednesday,1,0,,Pandemic Peak,2020,FY20 Q4,2020,20204,202012
20201231,12/31/2020,2020,2020,4,Q4 2020,12,December,Dec,53,5,31,5,Thursday,1,0,,Pandemic Peak,2020,FY20 Q4,2020,20204,202012
20210101,1/1/2021,2021,2021,1,Q1 2021,1,January,Jan,53,1,1,6,Friday,1,1,New Year's Day,Pandemic Peak,2021,FY21 Q1,2021,20211,202101
20210102,1/2/2021,2021,2021,1,Q1 2021,1,January,Jan,53,1,2,7,Saturday,0,0,,Pandemic Peak,2021,FY21 Q1,2021,20211,202101
20210103,1/3/2021,2021,2021,1,Q1 2021,1,January,Jan,53,1,3,1,Sunday,0,0,,Pandemic Peak,2021,FY21 Q1,2021,20211,202101
20210104,1/4/2021,2021,2021,1,Q1 2021,1,January,Jan,1,1,4,2,Monday,1,0,,Pandemic Peak,2021,FY21 Q1,2021,20211,202101
20210105,1/5/2021,2021,2021,1,Q1 2021,1,January,Jan,1,1,5,3,Tuesday,1,0,,Pandemic Peak,2021,FY21 Q1,2021,20211,202101
20210106,1/6/2021,2021,2021,1,Q1 2021,1,January,Jan,1,1,6,4,Wednesday,1,0,,Pandemic Peak,2021,FY21 Q1,2021,20211,202101
20210107,1/7/2021,2021,2021,1,Q1 2021,1,January,Jan,1,1,7,5,Thursday,1,0,,Pandemic Peak,2021,FY21 Q1,2021,20211,202101
20210108,1/8/2021,2021,2021,1,Q1 2021,1,January,Jan,1,2,8,6,Friday,1,0,,Pandemic Peak,2021,FY21 Q1,2021,20211,202101
20210109,1/9/2021,2021,2021,1,Q1 2021,1,January,Jan,1,2,9,7,Saturday,0,0,,Pandemic Peak,2021,FY21 Q1,2021,20211,202101
20210110,1/10/2021,2021,2021,1,Q1 2021,1,January,Jan,1,2,10,1,Sunday,0,0,,Pandemic Peak,2021,FY21 Q1,2021,20211,202101
20210111,1/11/2021,2021,2021,1,Q1 2021,1,January,Jan,2,2,11,2,Monday,1,0,,Pandemic Peak,2021,FY21 Q1,2021,20211,202101
20210112,1/12/2021,2021,2021,1,Q1 2021,1,January,Jan,2,2,12,3,Tuesday,1,0,,Pandemic Peak,2021,FY21 Q1,2021,20211,202101
20210113,1/13/2021,2021,2021,1,Q1 2021,1,January,Jan,2,2,13,4,Wednesday,1,0,,Pandemic Peak,2021,FY21 Q1,2021,20211,202101
20210114,1/14/2021,2021,2021,1,Q1 2021,1,January,Jan,2,2,14,5,Thursday,1,0,,Pandemic Peak,2021,FY21 Q1,2021,20211,202101
20210115,1/15/2021,2021,2021,1,Q1 2021,1,January,Jan,2,3,15,6,Friday,1,0,,Pandemic Peak,2021,FY21 Q1,2021,20211,202101
20210116,1/16/2021,2021,2021,1,Q1 2021,1,January,Jan,2,3,16,7,Saturday,0,0,,Pandemic Peak,2021,FY21 Q1,2021,20211,202101
20210117,1/17/2021,2021,2021,1,Q1 2021,1,January,Jan,2,3,17,1,Sunday,0,0,,Pandemic Peak,2021,FY21 Q1,2021,20211,202101
20210118,1/18/2021,2021,2021,1,Q1 2021,1,January,Jan,3,3,18,2,Monday,1,1,Martin Luther King Jr. Day,Pandemic Peak,2021,FY21 Q1,2021,20211,202101
20210119,1/19/2021,2021,2021,1,Q1 2021,1,January,Jan,3,3,19,3,Tuesday,1,0,,Pandemic Peak,2021,FY21 Q1,2021,20211,202101
20210120,1/20/2021,2021,2021,1,Q1 2021,1,January,Jan,3,3,20,4,Wednesday,1,0,,Pandemic Peak,2021,FY21 Q1,2021,20211,202101
20210121,1/21/2021,2021,2021,1,Q1 2021,1,January,Jan,3,3,21,5,Thursday,1,0,,Pandemic Peak,2021,FY21 Q1,2021,20211,202101
20210122,1/22/2021,2021,2021,1,Q1 2021,1,January,Jan,3,4,22,6,Friday,1,0,,Pandemic Peak,2021,FY21 Q1,2021,20211,202101
20210123,1/23/2021,2021,2021,1,Q1 2021,1,January,Jan,3,4,23,7,Saturday,0,0,,Pandemic Peak,2021,FY21 Q1,2021,20211,202101
20210124,1/24/2021,2021,2021,1,Q1 2021,1,January,Jan,3,4,24,1,Sunday,0,0,,Pandemic Peak,2021,FY21 Q1,2021,20211,202101
20210125,1/25/2021,2021,2021,1,Q1 2021,1,January,Jan,4,4,25,2,Monday,1,0,,Pandemic Peak,2021,FY21 Q1,2021,20211,202101
20210126,1/26/2021,2021,2021,1,Q1 2021,1,January,Jan,4,4,26,3,Tuesday,1,0,,Pandemic Peak,2021,FY21 Q1,2021,20211,202101
20210127,1/27/2021,2021,2021,1,Q1 2021,1,January,Jan,4,4,27,4,Wednesday,1,0,,Pandemic Peak,2021,FY21 Q1,2021,20211,202101
20210128,1/28/2021,2021,2021,1,Q1 2021,1,January,Jan,4,4,28,5,Thursday,1,0,,Pandemic Peak,2021,FY21 Q1,2021,20211,202101
20210129,1/29/2021,2021,2021,1,Q1 2021,1,January,Jan,4,5,29,6,Friday,1,0,,Pandemic Peak,2021,FY21 Q1,2021,20211,202101
20210130,1/30/2021,2021,2021,1,Q1 2021,1,January,Jan,4,5,30,7,Saturday,0,0,,Pandemic Peak,2021,FY21 Q1,2021,20211,202101
20210131,1/31/2021,2021,2021,1,Q1 2021,1,January,Jan,4,5,31,1,Sunday,0,0,,Pandemic Peak,2021,FY21 Q1,2021,20211,202101
20210201,2/1/2021,2021,2021,1,Q1 2021,2,February,Feb,5,1,1,2,Monday,1,0,,Pandemic Peak,2021,FY21 Q1,2021,20211,202102
20210202,2/2/2021,2021,2021,1,Q1 2021,2,February,Feb,5,1,2,3,Tuesday,1,0,,Pandemic Peak,2021,FY21 Q1,2021,20211,202102
20210203,2/3/2021,2021,2021,1,Q1 2021,2,February,Feb,5,1,3,4,Wednesday,1,0,,Pandemic Peak,2021,FY21 Q1,2021,20211,202102
20210204,2/4/2021,2021,2021,1,Q1 2021,2,February,Feb,5,1,4,5,Thursday,1,0,,Pandemic Peak,2021,FY21 Q1,2021,20211,202102
20210205,2/5/2021,2021,2021,1,Q1 2021,2,February,Feb,5,1,5,6,Friday,1,0,,Pandemic Peak,2021,FY21 Q1,2021,20211,202102
20210206,2/6/2021,2021,2021,1,Q1 2021,2,February,Feb,5,1,6,7,Saturday,0,0,,Pandemic Peak,2021,FY21 Q1,2021,20211,202102
20210207,2/7/2021,2021,2021,1,Q1 2021,2,February,Feb,5,1,7,1,Sunday,0,0,,Pandemic Peak,2021,FY21 Q1,2021,20211,202102
20210208,2/8/2021,2021,2021,1,Q1 2021,2,February,Feb,6,2,8,2,Monday,1,0,,Pandemic Peak,2021,FY21 Q1,2021,20211,202102
20210209,2/9/2021,2021,2021,1,Q1 2021,2,February,Feb,6,2,9,3,Tuesday,1,0,,Pandemic Peak,2021,FY21 Q1,2021,20211,202102
20210210,2/10/2021,2021,2021,1,Q1 2021,2,February,Feb,6,2,10,4,Wednesday,1,0,,Pandemic Peak,2021,FY21 Q1,2021,20211,202102
20210211,2/11/2021,2021,2021,1,Q1 2021,2,February,Feb,6,2,11,5,Thursday,1,0,,Pandemic Peak,2021,FY21 Q1,2021,20211,202102
20210212,2/12/2021,2021,2021,1,Q1 2021,2,February,Feb,6,2,12,6,Friday,1,0,,Pandemic Peak,2021,FY21 Q1,2021,20211,202102
20210213,2/13/2021,2021,2021,1,Q1 2021,2,February,Feb,6,2,13,7,Saturday,0,0,,Pandemic Peak,2021,FY21 Q1,2021,20211,202102
20210214,2/14/2021,2021,2021,1,Q1 2021,2,February,Feb,6,2,14,1,Sunday,0,0,,Pandemic Peak,2021,FY21 Q1,2021,20211,202102
20210215,2/15/2021,2021,2021,1,Q1 2021,2,February,Feb,7,3,15,2,Monday,1,1,Presidents Day,Pandemic Peak,2021,FY21 Q1,2021,20211,202102
20210216,2/16/2021,2021,2021,1,Q1 2021,2,February,Feb,7,3,16,3,Tuesday,1,0,,Pandemic Peak,2021,FY21 Q1,2021,20211,202102
20210217,2/17/2021,2021,2021,1,Q1 2021,2,February,Feb,7,3,17,4,Wednesday,1,0,,Pandemic Peak,2021,FY21 Q1,2021,20211,202102
20210218,2/18/2021,2021,2021,1,Q1 2021,2,February,Feb,7,3,18,5,Thursday,1,0,,Pandemic Peak,2021,FY21 Q1,2021,20211,202102
20210219,2/19/2021,2021,2021,1,Q1 2021,2,February,Feb,7,3,19,6,Friday,1,0,,Pandemic Peak,2021,FY21 Q1,2021,20211,202102
20210220,2/20/2021,2021,2021,1,Q1 2021,2,February,Feb,7,3,20,7,Saturday,0,0,,Pandemic Peak,2021,FY21 Q1,2021,20211,202102
20210221,2/21/2021,2021,2021,1,Q1 2021,2,February,Feb,7,3,21,1,Sunday,0,0,,Pandemic Peak,2021,FY21 Q1,2021,20211,202102
20210222,2/22/2021,2021,2021,1,Q1 2021,2,February,Feb,8,4,22,2,Monday,1,0,,Pandemic Peak,2021,FY21 Q1,2021,20211,202102
20210223,2/23/2021,2021,2021,1,Q1 2021,2,February,Feb,8,4,23,3,Tuesday,1,0,,Pandemic Peak,2021,FY21 Q1,2021,20211,202102
20210224,2/24/2021,2021,2021,1,Q1 2021,2,February,Feb,8,4,24,4,Wednesday,1,0,,Pandemic Peak,2021,FY21 Q1,2021,20211,202102
20210225,2/25/2021,2021,2021,1,Q1 2021,2,February,Feb,8,4,25,5,Thursday,1,0,,Pandemic Peak,2021,FY21 Q1,2021,20211,202102
20210226,2/26/2021,2021,2021,1,Q1 2021,2,February,Feb,8,4,26,6,Friday,1,0,,Pandemic Peak,2021,FY21 Q1,2021,20211,202102
20210227,2/27/2021,2021,2021,1,Q1 2021,2,February,Feb,8,4,27,7,Saturday,0,0,,Pandemic Peak,2021,FY21 Q1,2021,20211,202102
20210228,2/28/2021,2021,2021,1,Q1 2021,2,February,Feb,8,4,28,1,Sunday,0,0,,Pandemic Peak,2021,FY21 Q1,2021,20211,202102
20210301,3/1/2021,2021,2021,1,Q1 2021,3,March,Mar,9,1,1,2,Monday,1,0,,Pandemic Peak,2021,FY21 Q1,2021,20211,202103
20210302,3/2/2021,2021,2021,1,Q1 2021,3,March,Mar,9,1,2,3,Tuesday,1,0,,Pandemic Peak,2021,FY21 Q1,2021,20211,202103
20210303,3/3/2021,2021,2021,1,Q1 2021,3,March,Mar,9,1,3,4,Wednesday,1,0,,Pandemic Peak,2021,FY21 Q1,2021,20211,202103
20210304,3/4/2021,2021,2021,1,Q1 2021,3,March,Mar,9,1,4,5,Thursday,1,0,,Pandemic Peak,2021,FY21 Q1,2021,20211,202103
20210305,3/5/2021,2021,2021,1,Q1 2021,3,March,Mar,9,1,5,6,Friday,1,0,,Pandemic Peak,2021,FY21 Q1,2021,20211,202103
20210306,3/6/2021,2021,2021,1,Q1 2021,3,March,Mar,9,1,6,7,Saturday,0,0,,Pandemic Peak,2021,FY21 Q1,2021,20211,202103
20210307,3/7/2021,2021,2021,1,Q1 2021,3,March,Mar,9,1,7,1,Sunday,0,0,,Pandemic Peak,2021,FY21 Q1,2021,20211,202103
20210308,3/8/2021,2021,2021,1,Q1 2021,3,March,Mar,10,2,8,2,Monday,1,0,,Pandemic Peak,2021,FY21 Q1,2021,20211,202103
20210309,3/9/2021,2021,2021,1,Q1 2021,3,March,Mar,10,2,9,3,Tuesday,1,0,,Pandemic Peak,2021,FY21 Q1,2021,20211,202103
20210310,3/10/2021,2021,2021,1,Q1 2021,3,March,Mar,10,2,10,4,Wednesday,1,0,,Pandemic Peak,2021,FY21 Q1,2021,20211,202103
20210311,3/11/2021,2021,2021,1,Q1 2021,3,March,Mar,10,2,11,5,Thursday,1,0,,Pandemic Peak,2021,FY21 Q1,2021,20211,202103
20210312,3/12/2021,2021,2021,1,Q1 2021,3,March,Mar,10,2,12,6,Friday,1,0,,Pandemic Peak,2021,FY21 Q1,2021,20211,202103
20210313,3/13/2021,2021,2021,1,Q1 2021,3,March,Mar,10,2,13,7,Saturday,0,0,,Pandemic Peak,2021,FY21 Q1,2021,20211,202103
20210314,3/14/2021,2021,2021,1,Q1 2021,3,March,Mar,10,2,14,1,Sunday,0,0,,Pandemic Peak,2021,FY21 Q1,2021,20211,202103
20210315,3/15/2021,2021,2021,1,Q1 2021,3,March,Mar,11,3,15,2,Monday,1,0,,Pandemic Peak,2021,FY21 Q1,2021,20211,202103
20210316,3/16/2021,2021,2021,1,Q1 2021,3,March,Mar,11,3,16,3,Tuesday,1,0,,Pandemic Peak,2021,FY21 Q1,2021,20211,202103
20210317,3/17/2021,2021,2021,1,Q1 2021,3,March,Mar,11,3,17,4,Wednesday,1,0,,Pandemic Peak,2021,FY21 Q1,2021,20211,202103
20210318,3/18/2021,2021,2021,1,Q1 2021,3,March,Mar,11,3,18,5,Thursday,1,0,,Pandemic Peak,2021,FY21 Q1,2021,20211,202103
20210319,3/19/2021,2021,2021,1,Q1 2021,3,March,Mar,11,3,19,6,Friday,1,0,,Pandemic Peak,2021,FY21 Q1,2021,20211,202103
20210320,3/20/2021,2021,2021,1,Q1 2021,3,March,Mar,11,3,20,7,Saturday,0,0,,Pandemic Peak,2021,FY21 Q1,2021,20211,202103
20210321,3/21/2021,2021,2021,1,Q1 2021,3,March,Mar,11,3,21,1,Sunday,0,0,,Pandemic Peak,2021,FY21 Q1,2021,20211,202103
20210322,3/22/2021,2021,2021,1,Q1 2021,3,March,Mar,12,4,22,2,Monday,1,0,,Pandemic Peak,2021,FY21 Q1,2021,20211,202103
20210323,3/23/2021,2021,2021,1,Q1 2021,3,March,Mar,12,4,23,3,Tuesday,1,0,,Pandemic Peak,2021,FY21 Q1,2021,20211,202103
20210324,3/24/2021,2021,2021,1,Q1 2021,3,March,Mar,12,4,24,4,Wednesday,1,0,,Pandemic Peak,2021,FY21 Q1,2021,20211,202103
20210325,3/25/2021,2021,2021,1,Q1 2021,3,March,Mar,12,4,25,5,Thursday,1,0,,Pandemic Peak,2021,FY21 Q1,2021,20211,202103
20210326,3/26/2021,2021,2021,1,Q1 2021,3,March,Mar,12,4,26,6,Friday,1,0,,Pandemic Peak,2021,FY21 Q1,2021,20211,202103
20210327,3/27/2021,2021,2021,1,Q1 2021,3,March,Mar,12,4,27,7,Saturday,0,0,,Pandemic Peak,2021,FY21 Q1,2021,20211,202103
20210328,3/28/2021,2021,2021,1,Q1 2021,3,March,Mar,12,4,28,1,Sunday,0,0,,Pandemic Peak,2021,FY21 Q1,2021,20211,202103
20210329,3/29/2021,2021,2021,1,Q1 2021,3,March,Mar,13,5,29,2,Monday,1,0,,Pandemic Peak,2021,FY21 Q1,2021,20211,202103
20210330,3/30/2021,2021,2021,1,Q1 2021,3,March,Mar,13,5,30,3,Tuesday,1,0,,Pandemic Peak,2021,FY21 Q1,2021,20211,202103
20210331,3/31/2021,2021,2021,1,Q1 2021,3,March,Mar,13,5,31,4,Wednesday,1,0,,Pandemic Peak,2021,FY21 Q1,2021,20211,202103
20210401,4/1/2021,2021,2021,2,Q2 2021,4,April,Apr,13,1,1,5,Thursday,1,0,,Pandemic Peak,2021,FY21 Q2,2021,20212,202104
20210402,4/2/2021,2021,2021,2,Q2 2021,4,April,Apr,13,1,2,6,Friday,1,0,,Pandemic Peak,2021,FY21 Q2,2021,20212,202104
20210403,4/3/2021,2021,2021,2,Q2 2021,4,April,Apr,13,1,3,7,Saturday,0,0,,Pandemic Peak,2021,FY21 Q2,2021,20212,202104
20210404,4/4/2021,2021,2021,2,Q2 2021,4,April,Apr,13,1,4,1,Sunday,0,0,,Pandemic Peak,2021,FY21 Q2,2021,20212,202104
20210405,4/5/2021,2021,2021,2,Q2 2021,4,April,Apr,14,1,5,2,Monday,1,0,,Pandemic Peak,2021,FY21 Q2,2021,20212,202104
20210406,4/6/2021,2021,2021,2,Q2 2021,4,April,Apr,14,1,6,3,Tuesday,1,0,,Pandemic Peak,2021,FY21 Q2,2021,20212,202104
20210407,4/7/2021,2021,2021,2,Q2 2021,4,April,Apr,14,1,7,4,Wednesday,1,0,,Pandemic Peak,2021,FY21 Q2,2021,20212,202104
20210408,4/8/2021,2021,2021,2,Q2 2021,4,April,Apr,14,2,8,5,Thursday,1,0,,Pandemic Peak,2021,FY21 Q2,2021,20212,202104
20210409,4/9/2021,2021,2021,2,Q2 2021,4,April,Apr,14,2,9,6,Friday,1,0,,Pandemic Peak,2021,FY21 Q2,2021,20212,202104
20210410,4/10/2021,2021,2021,2,Q2 2021,4,April,Apr,14,2,10,7,Saturday,0,0,,Pandemic Peak,2021,FY21 Q2,2021,20212,202104
20210411,4/11/2021,2021,2021,2,Q2 2021,4,April,Apr,14,2,11,1,Sunday,0,0,,Pandemic Peak,2021,FY21 Q2,2021,20212,202104
20210412,4/12/2021,2021,2021,2,Q2 2021,4,April,Apr,15,2,12,2,Monday,1,0,,Pandemic Peak,2021,FY21 Q2,2021,20212,202104
20210413,4/13/2021,2021,2021,2,Q2 2021,4,April,Apr,15,2,13,3,Tuesday,1,0,,Pandemic Peak,2021,FY21 Q2,2021,20212,202104
20210414,4/14/2021,2021,2021,2,Q2 2021,4,April,Apr,15,2,14,4,Wednesday,1,0,,Pandemic Peak,2021,FY21 Q2,2021,20212,202104
20210415,4/15/2021,2021,2021,2,Q2 2021,4,April,Apr,15,3,15,5,Thursday,1,0,,Pandemic Peak,2021,FY21 Q2,2021,20212,202104
20210416,4/16/2021,2021,2021,2,Q2 2021,4,April,Apr,15,3,16,6,Friday,1,0,,Pandemic Peak,2021,FY21 Q2,2021,20212,202104
20210417,4/17/2021,2021,2021,2,Q2 2021,4,April,Apr,15,3,17,7,Saturday,0,0,,Pandemic Peak,2021,FY21 Q2,2021,20212,202104
20210418,4/18/2021,2021,2021,2,Q2 2021,4,April,Apr,15,3,18,1,Sunday,0,0,,Pandemic Peak,2021,FY21 Q2,2021,20212,202104
20210419,4/19/2021,2021,2021,2,Q2 2021,4,April,Apr,16,3,19,2,Monday,1,0,,Pandemic Peak,2021,FY21 Q2,2021,20212,202104
20210420,4/20/2021,2021,2021,2,Q2 2021,4,April,Apr,16,3,20,3,Tuesday,1,0,,Pandemic Peak,2021,FY21 Q2,2021,20212,202104
20210421,4/21/2021,2021,2021,2,Q2 2021,4,April,Apr,16,3,21,4,Wednesday,1,0,,Pandemic Peak,2021,FY21 Q2,2021,20212,202104
20210422,4/22/2021,2021,2021,2,Q2 2021,4,April,Apr,16,4,22,5,Thursday,1,0,,Pandemic Peak,2021,FY21 Q2,2021,20212,202104
20210423,4/23/2021,2021,2021,2,Q2 2021,4,April,Apr,16,4,23,6,Friday,1,0,,Pandemic Peak,2021,FY21 Q2,2021,20212,202104
20210424,4/24/2021,2021,2021,2,Q2 2021,4,April,Apr,16,4,24,7,Saturday,0,0,,Pandemic Peak,2021,FY21 Q2,2021,20212,202104
20210425,4/25/2021,2021,2021,2,Q2 2021,4,April,Apr,16,4,25,1,Sunday,0,0,,Pandemic Peak,2021,FY21 Q2,2021,20212,202104
20210426,4/26/2021,2021,2021,2,Q2 2021,4,April,Apr,17,4,26,2,Monday,1,0,,Pandemic Peak,2021,FY21 Q2,2021,20212,202104
20210427,4/27/2021,2021,2021,2,Q2 2021,4,April,Apr,17,4,27,3,Tuesday,1,0,,Pandemic Peak,2021,FY21 Q2,2021,20212,202104
20210428,4/28/2021,2021,2021,2,Q2 2021,4,April,Apr,17,4,28,4,Wednesday,1,0,,Pandemic Peak,2021,FY21 Q2,2021,20212,202104
20210429,4/29/2021,2021,2021,2,Q2 2021,4,April,Apr,17,5,29,5,Thursday,1,0,,Pandemic Peak,2021,FY21 Q2,2021,20212,202104
20210430,4/30/2021,2021,2021,2,Q2 2021,4,April,Apr,17,5,30,6,Friday,1,0,,Pandemic Peak,2021,FY21 Q2,2021,20212,202104
20210501,5/1/2021,2021,2021,2,Q2 2021,5,May,May,17,1,1,7,Saturday,0,0,,Pandemic Peak,2021,FY21 Q2,2021,20212,202105
20210502,5/2/2021,2021,2021,2,Q2 2021,5,May,May,17,1,2,1,Sunday,0,0,,Pandemic Peak,2021,FY21 Q2,2021,20212,202105
20210503,5/3/2021,2021,2021,2,Q2 2021,5,May,May,18,1,3,2,Monday,1,0,,Pandemic Peak,2021,FY21 Q2,2021,20212,202105
20210504,5/4/2021,2021,2021,2,Q2 2021,5,May,May,18,1,4,3,Tuesday,1,0,,Pandemic Peak,2021,FY21 Q2,2021,20212,202105
20210505,5/5/2021,2021,2021,2,Q2 2021,5,May,May,18,1,5,4,Wednesday,1,0,,Pandemic Peak,2021,FY21 Q2,2021,20212,202105
20210506,5/6/2021,2021,2021,2,Q2 2021,5,May,May,18,1,6,5,Thursday,1,0,,Pandemic Peak,2021,FY21 Q2,2021,20212,202105
20210507,5/7/2021,2021,2021,2,Q2 2021,5,May,May,18,1,7,6,Friday,1,0,,Pandemic Peak,2021,FY21 Q2,2021,20212,202105
20210508,5/8/2021,2021,2021,2,Q2 2021,5,May,May,18,2,8,7,Saturday,0,0,,Pandemic Peak,2021,FY21 Q2,2021,20212,202105
20210509,5/9/2021,2021,2021,2,Q2 2021,5,May,May,18,2,9,1,Sunday,0,0,,Pandemic Peak,2021,FY21 Q2,2021,20212,202105
20210510,5/10/2021,2021,2021,2,Q2 2021,5,May,May,19,2,10,2,Monday,1,0,,Pandemic Peak,2021,FY21 Q2,2021,20212,202105
20210511,5/11/2021,2021,2021,2,Q2 2021,5,May,May,19,2,11,3,Tuesday,1,0,,Pandemic Peak,2021,FY21 Q2,2021,20212,202105
20210512,5/12/2021,2021,2021,2,Q2 2021,5,May,May,19,2,12,4,Wednesday,1,0,,Pandemic Peak,2021,FY21 Q2,2021,20212,202105
20210513,5/13/2021,2021,2021,2,Q2 2021,5,May,May,19,2,13,5,Thursday,1,0,,Pandemic Peak,2021,FY21 Q2,2021,20212,202105
20210514,5/14/2021,2021,2021,2,Q2 2021,5,May,May,19,2,14,6,Friday,1,0,,Pandemic Peak,2021,FY21 Q2,2021,20212,202105
20210515,5/15/2021,2021,2021,2,Q2 2021,5,May,May,19,3,15,7,Saturday,0,0,,Pandemic Peak,2021,FY21 Q2,2021,20212,202105
20210516,5/16/2021,2021,2021,2,Q2 2021,5,May,May,19,3,16,1,Sunday,0,0,,Pandemic Peak,2021,FY21 Q2,2021,20212,202105
20210517,5/17/2021,2021,2021,2,Q2 2021,5,May,May,20,3,17,2,Monday,1,0,,Pandemic Peak,2021,FY21 Q2,2021,20212,202105
20210518,5/18/2021,2021,2021,2,Q2 2021,5,May,May,20,3,18,3,Tuesday,1,0,,Pandemic Peak,2021,FY21 Q2,2021,20212,202105
20210519,5/19/2021,2021,2021,2,Q2 2021,5,May,May,20,3,19,4,Wednesday,1,0,,Pandemic Peak,2021,FY21 Q2,2021,20212,202105
20210520,5/20/2021,2021,2021,2,Q2 2021,5,May,May,20,3,20,5,Thursday,1,0,,Pandemic Peak,2021,FY21 Q2,2021,20212,202105
20210521,5/21/2021,2021,2021,2,Q2 2021,5,May,May,20,3,21,6,Friday,1,0,,Pandemic Peak,2021,FY21 Q2,2021,20212,202105
20210522,5/22/2021,2021,2021,2,Q2 2021,5,May,May,20,4,22,7,Saturday,0,0,,Pandemic Peak,2021,FY21 Q2,2021,20212,202105
20210523,5/23/2021,2021,2021,2,Q2 2021,5,May,May,20,4,23,1,Sunday,0,0,,Pandemic Peak,2021,FY21 Q2,2021,20212,202105
20210524,5/24/2021,2021,2021,2,Q2 2021,5,May,May,21,4,24,2,Monday,1,0,,Pandemic Peak,2021,FY21 Q2,2021,20212,202105
20210525,5/25/2021,2021,2021,2,Q2 2021,5,May,May,21,4,25,3,Tuesday,1,0,,Early Recovery,2021,FY21 Q2,2021,20212,202105
20210526,5/26/2021,2021,2021,2,Q2 2021,5,May,May,21,4,26,4,Wednesday,1,0,,Early Recovery,2021,FY21 Q2,2021,20212,202105
20210527,5/27/2021,2021,2021,2,Q2 2021,5,May,May,21,4,27,5,Thursday,1,0,,Early Recovery,2021,FY21 Q2,2021,20212,202105
20210528,5/28/2021,2021,2021,2,Q2 2021,5,May,May,21,4,28,6,Friday,1,0,,Early Recovery,2021,FY21 Q2,2021,20212,202105
20210529,5/29/2021,2021,2021,2,Q2 2021,5,May,May,21,5,29,7,Saturday,0,0,,Early Recovery,2021,FY21 Q2,2021,20212,202105
20210530,5/30/2021,2021,2021,2,Q2 2021,5,May,May,21,5,30,1,Sunday,0,0,,Early Recovery,2021,FY21 Q2,2021,20212,202105
20210531,5/31/2021,2021,2021,2,Q2 2021,5,May,May,22,5,31,2,Monday,1,1,Memorial Day,Early Recovery,2021,FY21 Q2,2021,20212,202105
20210601,6/1/2021,2021,2021,2,Q2 2021,6,June,Jun,22,1,1,3,Tuesday,1,0,,Early Recovery,2021,FY21 Q2,2021,20212,202106
20210602,6/2/2021,2021,2021,2,Q2 2021,6,June,Jun,22,1,2,4,Wednesday,1,0,,Early Recovery,2021,FY21 Q2,2021,20212,202106
20210603,6/3/2021,2021,2021,2,Q2 2021,6,June,Jun,22,1,3,5,Thursday,1,0,,Early Recovery,2021,FY21 Q2,2021,20212,202106
20210604,6/4/2021,2021,2021,2,Q2 2021,6,June,Jun,22,1,4,6,Friday,1,0,,Early Recovery,2021,FY21 Q2,2021,20212,202106
20210605,6/5/2021,2021,2021,2,Q2 2021,6,June,Jun,22,1,5,7,Saturday,0,0,,Early Recovery,2021,FY21 Q2,2021,20212,202106
20210606,6/6/2021,2021,2021,2,Q2 2021,6,June,Jun,22,1,6,1,Sunday,0,0,,Early Recovery,2021,FY21 Q2,2021,20212,202106
20210607,6/7/2021,2021,2021,2,Q2 2021,6,June,Jun,23,1,7,2,Monday,1,0,,Early Recovery,2021,FY21 Q2,2021,20212,202106
20210608,6/8/2021,2021,2021,2,Q2 2021,6,June,Jun,23,2,8,3,Tuesday,1,0,,Early Recovery,2021,FY21 Q2,2021,20212,202106
20210609,6/9/2021,2021,2021,2,Q2 2021,6,June,Jun,23,2,9,4,Wednesday,1,0,,Early Recovery,2021,FY21 Q2,2021,20212,202106
20210610,6/10/2021,2021,2021,2,Q2 2021,6,June,Jun,23,2,10,5,Thursday,1,0,,Early Recovery,2021,FY21 Q2,2021,20212,202106
20210611,6/11/2021,2021,2021,2,Q2 2021,6,June,Jun,23,2,11,6,Friday,1,0,,Early Recovery,2021,FY21 Q2,2021,20212,202106
20210612,6/12/2021,2021,2021,2,Q2 2021,6,June,Jun,23,2,12,7,Saturday,0,0,,Early Recovery,2021,FY21 Q2,2021,20212,202106
20210613,6/13/2021,2021,2021,2,Q2 2021,6,June,Jun,23,2,13,1,Sunday,0,0,,Early Recovery,2021,FY21 Q2,2021,20212,202106
20210614,6/14/2021,2021,2021,2,Q2 2021,6,June,Jun,24,2,14,2,Monday,1,0,,Early Recovery,2021,FY21 Q2,2021,20212,202106
20210615,6/15/2021,2021,2021,2,Q2 2021,6,June,Jun,24,3,15,3,Tuesday,1,0,,Early Recovery,2021,FY21 Q2,2021,20212,202106
20210616,6/16/2021,2021,2021,2,Q2 2021,6,June,Jun,24,3,16,4,Wednesday,1,0,,Early Recovery,2021,FY21 Q2,2021,20212,202106
20210617,6/17/2021,2021,2021,2,Q2 2021,6,June,Jun,24,3,17,5,Thursday,1,0,,Early Recovery,2021,FY21 Q2,2021,20212,202106
20210618,6/18/2021,2021,2021,2,Q2 2021,6,June,Jun,24,3,18,6,Friday,1,0,,Early Recovery,2021,FY21 Q2,2021,20212,202106
20210619,6/19/2021,2021,2021,2,Q2 2021,6,June,Jun,24,3,19,7,Saturday,0,0,,Early Recovery,2021,FY21 Q2,2021,20212,202106
20210620,6/20/2021,2021,2021,2,Q2 2021,6,June,Jun,24,3,20,1,Sunday,0,0,,Early Recovery,2021,FY21 Q2,2021,20212,202106
20210621,6/21/2021,2021,2021,2,Q2 2021,6,June,Jun,25,3,21,2,Monday,1,0,,Early Recovery,2021,FY21 Q2,2021,20212,202106
20210622,6/22/2021,2021,2021,2,Q2 2021,6,June,Jun,25,4,22,3,Tuesday,1,0,,Early Recovery,2021,FY21 Q2,2021,20212,202106
20210623,6/23/2021,2021,2021,2,Q2 2021,6,June,Jun,25,4,23,4,Wednesday,1,0,,Early Recovery,2021,FY21 Q2,2021,20212,202106
20210624,6/24/2021,2021,2021,2,Q2 2021,6,June,Jun,25,4,24,5,Thursday,1,0,,Early Recovery,2021,FY21 Q2,2021,20212,202106
20210625,6/25/2021,2021,2021,2,Q2 2021,6,June,Jun,25,4,25,6,Friday,1,0,,Early Recovery,2021,FY21 Q2,2021,20212,202106
20210626,6/26/2021,2021,2021,2,Q2 2021,6,June,Jun,25,4,26,7,Saturday,0,0,,Early Recovery,2021,FY21 Q2,2021,20212,202106
20210627,6/27/2021,2021,2021,2,Q2 2021,6,June,Jun,25,4,27,1,Sunday,0,0,,Early Recovery,2021,FY21 Q2,2021,20212,202106
20210628,6/28/2021,2021,2021,2,Q2 2021,6,June,Jun,26,4,28,2,Monday,1,0,,Early Recovery,2021,FY21 Q2,2021,20212,202106
20210629,6/29/2021,2021,2021,2,Q2 2021,6,June,Jun,26,5,29,3,Tuesday,1,0,,Early Recovery,2021,FY21 Q2,2021,20212,202106
20210630,6/30/2021,2021,2021,2,Q2 2021,6,June,Jun,26,5,30,4,Wednesday,1,0,,Early Recovery,2021,FY21 Q2,2021,20212,202106
20210701,7/1/2021,2021,2021,3,Q3 2021,7,July,Jul,26,1,1,5,Thursday,1,0,,Early Recovery,2021,FY21 Q3,2021,20213,202107
20210702,7/2/2021,2021,2021,3,Q3 2021,7,July,Jul,26,1,2,6,Friday,1,0,,Early Recovery,2021,FY21 Q3,2021,20213,202107
20210703,7/3/2021,2021,2021,3,Q3 2021,7,July,Jul,26,1,3,7,Saturday,0,0,,Early Recovery,2021,FY21 Q3,2021,20213,202107
20210704,7/4/2021,2021,2021,3,Q3 2021,7,July,Jul,26,1,4,1,Sunday,0,1,Independence Day,Early Recovery,2021,FY21 Q3,2021,20213,202107
20210705,7/5/2021,2021,2021,3,Q3 2021,7,July,Jul,27,1,5,2,Monday,1,0,,Early Recovery,2021,FY21 Q3,2021,20213,202107
20210706,7/6/2021,2021,2021,3,Q3 2021,7,July,Jul,27,1,6,3,Tuesday,1,0,,Early Recovery,2021,FY21 Q3,2021,20213,202107
20210707,7/7/2021,2021,2021,3,Q3 2021,7,July,Jul,27,1,7,4,Wednesday,1,0,,Early Recovery,2021,FY21 Q3,2021,20213,202107
20210708,7/8/2021,2021,2021,3,Q3 2021,7,July,Jul,27,2,8,5,Thursday,1,0,,Early Recovery,2021,FY21 Q3,2021,20213,202107
20210709,7/9/2021,2021,2021,3,Q3 2021,7,July,Jul,27,2,9,6,Friday,1,0,,Early Recovery,2021,FY21 Q3,2021,20213,202107
20210710,7/10/2021,2021,2021,3,Q3 2021,7,July,Jul,27,2,10,7,Saturday,0,0,,Early Recovery,2021,FY21 Q3,2021,20213,202107
20210711,7/11/2021,2021,2021,3,Q3 2021,7,July,Jul,27,2,11,1,Sunday,0,0,,Early Recovery,2021,FY21 Q3,2021,20213,202107
20210712,7/12/2021,2021,2021,3,Q3 2021,7,July,Jul,28,2,12,2,Monday,1,0,,Early Recovery,2021,FY21 Q3,2021,20213,202107
20210713,7/13/2021,2021,2021,3,Q3 2021,7,July,Jul,28,2,13,3,Tuesday,1,0,,Early Recovery,2021,FY21 Q3,2021,20213,202107
20210714,7/14/2021,2021,2021,3,Q3 2021,7,July,Jul,28,2,14,4,Wednesday,1,0,,Early Recovery,2021,FY21 Q3,2021,20213,202107
20210715,7/15/2021,2021,2021,3,Q3 2021,7,July,Jul,28,3,15,5,Thursday,1,0,,Early Recovery,2021,FY21 Q3,2021,20213,202107
20210716,7/16/2021,2021,2021,3,Q3 2021,7,July,Jul,28,3,16,6,Friday,1,0,,Early Recovery,2021,FY21 Q3,2021,20213,202107
20210717,7/17/2021,2021,2021,3,Q3 2021,7,July,Jul,28,3,17,7,Saturday,0,0,,Early Recovery,2021,FY21 Q3,2021,20213,202107
20210718,7/18/2021,2021,2021,3,Q3 2021,7,July,Jul,28,3,18,1,Sunday,0,0,,Early Recovery,2021,FY21 Q3,2021,20213,202107
20210719,7/19/2021,2021,2021,3,Q3 2021,7,July,Jul,29,3,19,2,Monday,1,0,,Early Recovery,2021,FY21 Q3,2021,20213,202107
20210720,7/20/2021,2021,2021,3,Q3 2021,7,July,Jul,29,3,20,3,Tuesday,1,0,,Early Recovery,2021,FY21 Q3,2021,20213,202107
20210721,7/21/2021,2021,2021,3,Q3 2021,7,July,Jul,29,3,21,4,Wednesday,1,0,,Early Recovery,2021,FY21 Q3,2021,20213,202107
20210722,7/22/2021,2021,2021,3,Q3 2021,7,July,Jul,29,4,22,5,Thursday,1,0,,Early Recovery,2021,FY21 Q3,2021,20213,202107
20210723,7/23/2021,2021,2021,3,Q3 2021,7,July,Jul,29,4,23,6,Friday,1,0,,Early Recovery,2021,FY21 Q3,2021,20213,202107
20210724,7/24/2021,2021,2021,3,Q3 2021,7,July,Jul,29,4,24,7,Saturday,0,0,,Early Recovery,2021,FY21 Q3,2021,20213,202107
20210725,7/25/2021,2021,2021,3,Q3 2021,7,July,Jul,29,4,25,1,Sunday,0,0,,Early Recovery,2021,FY21 Q3,2021,20213,202107
20210726,7/26/2021,2021,2021,3,Q3 2021,7,July,Jul,30,4,26,2,Monday,1,0,,Early Recovery,2021,FY21 Q3,2021,20213,202107
20210727,7/27/2021,2021,2021,3,Q3 2021,7,July,Jul,30,4,27,3,Tuesday,1,0,,Early Recovery,2021,FY21 Q3,2021,20213,202107
20210728,7/28/2021,2021,2021,3,Q3 2021,7,July,Jul,30,4,28,4,Wednesday,1,0,,Early Recovery,2021,FY21 Q3,2021,20213,202107
20210729,7/29/2021,2021,2021,3,Q3 2021,7,July,Jul,30,5,29,5,Thursday,1,0,,Early Recovery,2021,FY21 Q3,2021,20213,202107
20210730,7/30/2021,2021,2021,3,Q3 2021,7,July,Jul,30,5,30,6,Friday,1,0,,Early Recovery,2021,FY21 Q3,2021,20213,202107
20210731,7/31/2021,2021,2021,3,Q3 2021,7,July,Jul,30,5,31,7,Saturday,0,0,,Early Recovery,2021,FY21 Q3,2021,20213,202107
20210801,8/1/2021,2021,2021,3,Q3 2021,8,August,Aug,30,1,1,1,Sunday,0,0,,Early Recovery,2021,FY21 Q3,2021,20213,202108
20210802,8/2/2021,2021,2021,3,Q3 2021,8,August,Aug,31,1,2,2,Monday,1,0,,Early Recovery,2021,FY21 Q3,2021,20213,202108
20210803,8/3/2021,2021,2021,3,Q3 2021,8,August,Aug,31,1,3,3,Tuesday,1,0,,Early Recovery,2021,FY21 Q3,2021,20213,202108
20210804,8/4/2021,2021,2021,3,Q3 2021,8,August,Aug,31,1,4,4,Wednesday,1,0,,Early Recovery,2021,FY21 Q3,2021,20213,202108
20210805,8/5/2021,2021,2021,3,Q3 2021,8,August,Aug,31,1,5,5,Thursday,1,0,,Early Recovery,2021,FY21 Q3,2021,20213,202108
20210806,8/6/2021,2021,2021,3,Q3 2021,8,August,Aug,31,1,6,6,Friday,1,0,,Early Recovery,2021,FY21 Q3,2021,20213,202108
20210807,8/7/2021,2021,2021,3,Q3 2021,8,August,Aug,31,1,7,7,Saturday,0,0,,Early Recovery,2021,FY21 Q3,2021,20213,202108
20210808,8/8/2021,2021,2021,3,Q3 2021,8,August,Aug,31,2,8,1,Sunday,0,0,,Early Recovery,2021,FY21 Q3,2021,20213,202108
20210809,8/9/2021,2021,2021,3,Q3 2021,8,August,Aug,32,2,9,2,Monday,1,0,,Early Recovery,2021,FY21 Q3,2021,20213,202108
20210810,8/10/2021,2021,2021,3,Q3 2021,8,August,Aug,32,2,10,3,Tuesday,1,0,,Early Recovery,2021,FY21 Q3,2021,20213,202108
20210811,8/11/2021,2021,2021,3,Q3 2021,8,August,Aug,32,2,11,4,Wednesday,1,0,,Early Recovery,2021,FY21 Q3,2021,20213,202108
20210812,8/12/2021,2021,2021,3,Q3 2021,8,August,Aug,32,2,12,5,Thursday,1,0,,Early Recovery,2021,FY21 Q3,2021,20213,202108
20210813,8/13/2021,2021,2021,3,Q3 2021,8,August,Aug,32,2,13,6,Friday,1,0,,Early Recovery,2021,FY21 Q3,2021,20213,202108
20210814,8/14/2021,2021,2021,3,Q3 2021,8,August,Aug,32,2,14,7,Saturday,0,0,,Early Recovery,2021,FY21 Q3,2021,20213,202108
20210815,8/15/2021,2021,2021,3,Q3 2021,8,August,Aug,32,3,15,1,Sunday,0,0,,Early Recovery,2021,FY21 Q3,2021,20213,202108
20210816,8/16/2021,2021,2021,3,Q3 2021,8,August,Aug,33,3,16,2,Monday,1,0,,Early Recovery,2021,FY21 Q3,2021,20213,202108
20210817,8/17/2021,2021,2021,3,Q3 2021,8,August,Aug,33,3,17,3,Tuesday,1,0,,Early Recovery,2021,FY21 Q3,2021,20213,202108
20210818,8/18/2021,2021,2021,3,Q3 2021,8,August,Aug,33,3,18,4,Wednesday,1,0,,Early Recovery,2021,FY21 Q3,2021,20213,202108
20210819,8/19/2021,2021,2021,3,Q3 2021,8,August,Aug,33,3,19,5,Thursday,1,0,,Early Recovery,2021,FY21 Q3,2021,20213,202108
20210820,8/20/2021,2021,2021,3,Q3 2021,8,August,Aug,33,3,20,6,Friday,1,0,,Early Recovery,2021,FY21 Q3,2021,20213,202108
20210821,8/21/2021,2021,2021,3,Q3 2021,8,August,Aug,33,3,21,7,Saturday,0,0,,Early Recovery,2021,FY21 Q3,2021,20213,202108
20210822,8/22/2021,2021,2021,3,Q3 2021,8,August,Aug,33,4,22,1,Sunday,0,0,,Early Recovery,2021,FY21 Q3,2021,20213,202108
20210823,8/23/2021,2021,2021,3,Q3 2021,8,August,Aug,34,4,23,2,Monday,1,0,,Early Recovery,2021,FY21 Q3,2021,20213,202108
20210824,8/24/2021,2021,2021,3,Q3 2021,8,August,Aug,34,4,24,3,Tuesday,1,0,,Early Recovery,2021,FY21 Q3,2021,20213,202108
20210825,8/25/2021,2021,2021,3,Q3 2021,8,August,Aug,34,4,25,4,Wednesday,1,0,,Early Recovery,2021,FY21 Q3,2021,20213,202108
20210826,8/26/2021,2021,2021,3,Q3 2021,8,August,Aug,34,4,26,5,Thursday,1,0,,Early Recovery,2021,FY21 Q3,2021,20213,202108
20210827,8/27/2021,2021,2021,3,Q3 2021,8,August,Aug,34,4,27,6,Friday,1,0,,Early Recovery,2021,FY21 Q3,2021,20213,202108
20210828,8/28/2021,2021,2021,3,Q3 2021,8,August,Aug,34,4,28,7,Saturday,0,0,,Early Recovery,2021,FY21 Q3,2021,20213,202108
20210829,8/29/2021,2021,2021,3,Q3 2021,8,August,Aug,34,5,29,1,Sunday,0,0,,Early Recovery,2021,FY21 Q3,2021,20213,202108
20210830,8/30/2021,2021,2021,3,Q3 2021,8,August,Aug,35,5,30,2,Monday,1,0,,Early Recovery,2021,FY21 Q3,2021,20213,202108
20210831,8/31/2021,2021,2021,3,Q3 2021,8,August,Aug,35,5,31,3,Tuesday,1,0,,Early Recovery,2021,FY21 Q3,2021,20213,202108
20210901,9/1/2021,2021,2021,3,Q3 2021,9,September,Sep,35,1,1,4,Wednesday,1,0,,Early Recovery,2021,FY21 Q3,2021,20213,202109
20210902,9/2/2021,2021,2021,3,Q3 2021,9,September,Sep,35,1,2,5,Thursday,1,0,,Early Recovery,2021,FY21 Q3,2021,20213,202109
20210903,9/3/2021,2021,2021,3,Q3 2021,9,September,Sep,35,1,3,6,Friday,1,0,,Early Recovery,2021,FY21 Q3,2021,20213,202109
20210904,9/4/2021,2021,2021,3,Q3 2021,9,September,Sep,35,1,4,7,Saturday,0,0,,Early Recovery,2021,FY21 Q3,2021,20213,202109
20210905,9/5/2021,2021,2021,3,Q3 2021,9,September,Sep,35,1,5,1,Sunday,0,0,,Early Recovery,2021,FY21 Q3,2021,20213,202109
20210906,9/6/2021,2021,2021,3,Q3 2021,9,September,Sep,36,1,6,2,Monday,1,1,Labor Day,Early Recovery,2021,FY21 Q3,2021,20213,202109
20210907,9/7/2021,2021,2021,3,Q3 2021,9,September,Sep,36,1,7,3,Tuesday,1,0,,Early Recovery,2021,FY21 Q3,2021,20213,202109
20210908,9/8/2021,2021,2021,3,Q3 2021,9,September,Sep,36,2,8,4,Wednesday,1,0,,Early Recovery,2021,FY21 Q3,2021,20213,202109
20210909,9/9/2021,2021,2021,3,Q3 2021,9,September,Sep,36,2,9,5,Thursday,1,0,,Early Recovery,2021,FY21 Q3,2021,20213,202109
20210910,9/10/2021,2021,2021,3,Q3 2021,9,September,Sep,36,2,10,6,Friday,1,0,,Early Recovery,2021,FY21 Q3,2021,20213,202109
20210911,9/11/2021,2021,2021,3,Q3 2021,9,September,Sep,36,2,11,7,Saturday,0,0,,Early Recovery,2021,FY21 Q3,2021,20213,202109
20210912,9/12/2021,2021,2021,3,Q3 2021,9,September,Sep,36,2,12,1,Sunday,0,0,,Early Recovery,2021,FY21 Q3,2021,20213,202109
20210913,9/13/2021,2021,2021,3,Q3 2021,9,September,Sep,37,2,13,2,Monday,1,0,,Early Recovery,2021,FY21 Q3,2021,20213,202109
20210914,9/14/2021,2021,2021,3,Q3 2021,9,September,Sep,37,2,14,3,Tuesday,1,0,,Early Recovery,2021,FY21 Q3,2021,20213,202109
20210915,9/15/2021,2021,2021,3,Q3 2021,9,September,Sep,37,3,15,4,Wednesday,1,0,,Early Recovery,2021,FY21 Q3,2021,20213,202109
20210916,9/16/2021,2021,2021,3,Q3 2021,9,September,Sep,37,3,16,5,Thursday,1,0,,Early Recovery,2021,FY21 Q3,2021,20213,202109
20210917,9/17/2021,2021,2021,3,Q3 2021,9,September,Sep,37,3,17,6,Friday,1,0,,Early Recovery,2021,FY21 Q3,2021,20213,202109
20210918,9/18/2021,2021,2021,3,Q3 2021,9,September,Sep,37,3,18,7,Saturday,0,0,,Early Recovery,2021,FY21 Q3,2021,20213,202109
20210919,9/19/2021,2021,2021,3,Q3 2021,9,September,Sep,37,3,19,1,Sunday,0,0,,Early Recovery,2021,FY21 Q3,2021,20213,202109
20210920,9/20/2021,2021,2021,3,Q3 2021,9,September,Sep,38,3,20,2,Monday,1,0,,Early Recovery,2021,FY21 Q3,2021,20213,202109
20210921,9/21/2021,2021,2021,3,Q3 2021,9,September,Sep,38,3,21,3,Tuesday,1,0,,Early Recovery,2021,FY21 Q3,2021,20213,202109
20210922,9/22/2021,2021,2021,3,Q3 2021,9,September,Sep,38,4,22,4,Wednesday,1,0,,Early Recovery,2021,FY21 Q3,2021,20213,202109
20210923,9/23/2021,2021,2021,3,Q3 2021,9,September,Sep,38,4,23,5,Thursday,1,0,,Early Recovery,2021,FY21 Q3,2021,20213,202109
20210924,9/24/2021,2021,2021,3,Q3 2021,9,September,Sep,38,4,24,6,Friday,1,0,,Early Recovery,2021,FY21 Q3,2021,20213,202109
20210925,9/25/2021,2021,2021,3,Q3 2021,9,September,Sep,38,4,25,7,Saturday,0,0,,Early Recovery,2021,FY21 Q3,2021,20213,202109
20210926,9/26/2021,2021,2021,3,Q3 2021,9,September,Sep,38,4,26,1,Sunday,0,0,,Early Recovery,2021,FY21 Q3,2021,20213,202109
20210927,9/27/2021,2021,2021,3,Q3 2021,9,September,Sep,39,4,27,2,Monday,1,0,,Early Recovery,2021,FY21 Q3,2021,20213,202109
20210928,9/28/2021,2021,2021,3,Q3 2021,9,September,Sep,39,4,28,3,Tuesday,1,0,,Early Recovery,2021,FY21 Q3,2021,20213,202109
20210929,9/29/2021,2021,2021,3,Q3 2021,9,September,Sep,39,5,29,4,Wednesday,1,0,,Early Recovery,2021,FY21 Q3,2021,20213,202109
20210930,9/30/2021,2021,2021,3,Q3 2021,9,September,Sep,39,5,30,5,Thursday,1,0,,Early Recovery,2021,FY21 Q3,2021,20213,202109
20211001,10/1/2021,2021,2021,4,Q4 2021,10,October,Oct,39,1,1,6,Friday,1,0,,Early Recovery,2021,FY21 Q4,2021,20214,202110
20211002,10/2/2021,2021,2021,4,Q4 2021,10,October,Oct,39,1,2,7,Saturday,0,0,,Early Recovery,2021,FY21 Q4,2021,20214,202110
20211003,10/3/2021,2021,2021,4,Q4 2021,10,October,Oct,39,1,3,1,Sunday,0,0,,Early Recovery,2021,FY21 Q4,2021,20214,202110
20211004,10/4/2021,2021,2021,4,Q4 2021,10,October,Oct,40,1,4,2,Monday,1,0,,Early Recovery,2021,FY21 Q4,2021,20214,202110
20211005,10/5/2021,2021,2021,4,Q4 2021,10,October,Oct,40,1,5,3,Tuesday,1,0,,Early Recovery,2021,FY21 Q4,2021,20214,202110
20211006,10/6/2021,2021,2021,4,Q4 2021,10,October,Oct,40,1,6,4,Wednesday,1,0,,Early Recovery,2021,FY21 Q4,2021,20214,202110
20211007,10/7/2021,2021,2021,4,Q4 2021,10,October,Oct,40,1,7,5,Thursday,1,0,,Early Recovery,2021,FY21 Q4,2021,20214,202110
20211008,10/8/2021,2021,2021,4,Q4 2021,10,October,Oct,40,2,8,6,Friday,1,0,,Early Recovery,2021,FY21 Q4,2021,20214,202110
20211009,10/9/2021,2021,2021,4,Q4 2021,10,October,Oct,40,2,9,7,Saturday,0,0,,Early Recovery,2021,FY21 Q4,2021,20214,202110
20211010,10/10/2021,2021,2021,4,Q4 2021,10,October,Oct,40,2,10,1,Sunday,0,0,,Early Recovery,2021,FY21 Q4,2021,20214,202110
20211011,10/11/2021,2021,2021,4,Q4 2021,10,October,Oct,41,2,11,2,Monday,1,0,,Early Recovery,2021,FY21 Q4,2021,20214,202110
20211012,10/12/2021,2021,2021,4,Q4 2021,10,October,Oct,41,2,12,3,Tuesday,1,0,,Early Recovery,2021,FY21 Q4,2021,20214,202110
20211013,10/13/2021,2021,2021,4,Q4 2021,10,October,Oct,41,2,13,4,Wednesday,1,0,,Early Recovery,2021,FY21 Q4,2021,20214,202110
20211014,10/14/2021,2021,2021,4,Q4 2021,10,October,Oct,41,2,14,5,Thursday,1,0,,Early Recovery,2021,FY21 Q4,2021,20214,202110
20211015,10/15/2021,2021,2021,4,Q4 2021,10,October,Oct,41,3,15,6,Friday,1,0,,Early Recovery,2021,FY21 Q4,2021,20214,202110
20211016,10/16/2021,2021,2021,4,Q4 2021,10,October,Oct,41,3,16,7,Saturday,0,0,,Early Recovery,2021,FY21 Q4,2021,20214,202110
20211017,10/17/2021,2021,2021,4,Q4 2021,10,October,Oct,41,3,17,1,Sunday,0,0,,Early Recovery,2021,FY21 Q4,2021,20214,202110
20211018,10/18/2021,2021,2021,4,Q4 2021,10,October,Oct,42,3,18,2,Monday,1,0,,Early Recovery,2021,FY21 Q4,2021,20214,202110
20211019,10/19/2021,2021,2021,4,Q4 2021,10,October,Oct,42,3,19,3,Tuesday,1,0,,Early Recovery,2021,FY21 Q4,2021,20214,202110
20211020,10/20/2021,2021,2021,4,Q4 2021,10,October,Oct,42,3,20,4,Wednesday,1,0,,Early Recovery,2021,FY21 Q4,2021,20214,202110
20211021,10/21/2021,2021,2021,4,Q4 2021,10,October,Oct,42,3,21,5,Thursday,1,0,,Early Recovery,2021,FY21 Q4,2021,20214,202110
20211022,10/22/2021,2021,2021,4,Q4 2021,10,October,Oct,42,4,22,6,Friday,1,0,,Early Recovery,2021,FY21 Q4,2021,20214,202110
20211023,10/23/2021,2021,2021,4,Q4 2021,10,October,Oct,42,4,23,7,Saturday,0,0,,Early Recovery,2021,FY21 Q4,2021,20214,202110
20211024,10/24/2021,2021,2021,4,Q4 2021,10,October,Oct,42,4,24,1,Sunday,0,0,,Early Recovery,2021,FY21 Q4,2021,20214,202110
20211025,10/25/2021,2021,2021,4,Q4 2021,10,October,Oct,43,4,25,2,Monday,1,0,,Early Recovery,2021,FY21 Q4,2021,20214,202110
20211026,10/26/2021,2021,2021,4,Q4 2021,10,October,Oct,43,4,26,3,Tuesday,1,0,,Early Recovery,2021,FY21 Q4,2021,20214,202110
20211027,10/27/2021,2021,2021,4,Q4 2021,10,October,Oct,43,4,27,4,Wednesday,1,0,,Early Recovery,2021,FY21 Q4,2021,20214,202110
20211028,10/28/2021,2021,2021,4,Q4 2021,10,October,Oct,43,4,28,5,Thursday,1,0,,Early Recovery,2021,FY21 Q4,2021,20214,202110
20211029,10/29/2021,2021,2021,4,Q4 2021,10,October,Oct,43,5,29,6,Friday,1,0,,Early Recovery,2021,FY21 Q4,2021,20214,202110
20211030,10/30/2021,2021,2021,4,Q4 2021,10,October,Oct,43,5,30,7,Saturday,0,0,,Early Recovery,2021,FY21 Q4,2021,20214,202110
20211031,10/31/2021,2021,2021,4,Q4 2021,10,October,Oct,43,5,31,1,Sunday,0,0,,Early Recovery,2021,FY21 Q4,2021,20214,202110
20211101,11/1/2021,2021,2021,4,Q4 2021,11,November,Nov,44,1,1,2,Monday,1,0,,Early Recovery,2021,FY21 Q4,2021,20214,202111
20211102,11/2/2021,2021,2021,4,Q4 2021,11,November,Nov,44,1,2,3,Tuesday,1,0,,Early Recovery,2021,FY21 Q4,2021,20214,202111
20211103,11/3/2021,2021,2021,4,Q4 2021,11,November,Nov,44,1,3,4,Wednesday,1,0,,Early Recovery,2021,FY21 Q4,2021,20214,202111
20211104,11/4/2021,2021,2021,4,Q4 2021,11,November,Nov,44,1,4,5,Thursday,1,0,,Early Recovery,2021,FY21 Q4,2021,20214,202111
20211105,11/5/2021,2021,2021,4,Q4 2021,11,November,Nov,44,1,5,6,Friday,1,0,,Early Recovery,2021,FY21 Q4,2021,20214,202111
20211106,11/6/2021,2021,2021,4,Q4 2021,11,November,Nov,44,1,6,7,Saturday,0,0,,Early Recovery,2021,FY21 Q4,2021,20214,202111
20211107,11/7/2021,2021,2021,4,Q4 2021,11,November,Nov,44,1,7,1,Sunday,0,0,,Early Recovery,2021,FY21 Q4,2021,20214,202111
20211108,11/8/2021,2021,2021,4,Q4 2021,11,November,Nov,45,2,8,2,Monday,1,0,,Early Recovery,2021,FY21 Q4,2021,20214,202111
20211109,11/9/2021,2021,2021,4,Q4 2021,11,November,Nov,45,2,9,3,Tuesday,1,0,,Early Recovery,2021,FY21 Q4,2021,20214,202111
20211110,11/10/2021,2021,2021,4,Q4 2021,11,November,Nov,45,2,10,4,Wednesday,1,0,,Early Recovery,2021,FY21 Q4,2021,20214,202111
20211111,11/11/2021,2021,2021,4,Q4 2021,11,November,Nov,45,2,11,5,Thursday,1,0,,Early Recovery,2021,FY21 Q4,2021,20214,202111
20211112,11/12/2021,2021,2021,4,Q4 2021,11,November,Nov,45,2,12,6,Friday,1,0,,Early Recovery,2021,FY21 Q4,2021,20214,202111
20211113,11/13/2021,2021,2021,4,Q4 2021,11,November,Nov,45,2,13,7,Saturday,0,0,,Early Recovery,2021,FY21 Q4,2021,20214,202111
20211114,11/14/2021,2021,2021,4,Q4 2021,11,November,Nov,45,2,14,1,Sunday,0,0,,Early Recovery,2021,FY21 Q4,2021,20214,202111
20211115,11/15/2021,2021,2021,4,Q4 2021,11,November,Nov,46,3,15,2,Monday,1,0,,Early Recovery,2021,FY21 Q4,2021,20214,202111
20211116,11/16/2021,2021,2021,4,Q4 2021,11,November,Nov,46,3,16,3,Tuesday,1,0,,Early Recovery,2021,FY21 Q4,2021,20214,202111
20211117,11/17/2021,2021,2021,4,Q4 2021,11,November,Nov,46,3,17,4,Wednesday,1,0,,Early Recovery,2021,FY21 Q4,2021,20214,202111
20211118,11/18/2021,2021,2021,4,Q4 2021,11,November,Nov,46,3,18,5,Thursday,1,0,,Early Recovery,2021,FY21 Q4,2021,20214,202111
20211119,11/19/2021,2021,2021,4,Q4 2021,11,November,Nov,46,3,19,6,Friday,1,0,,Early Recovery,2021,FY21 Q4,2021,20214,202111
20211120,11/20/2021,2021,2021,4,Q4 2021,11,November,Nov,46,3,20,7,Saturday,0,0,,Early Recovery,2021,FY21 Q4,2021,20214,202111
20211121,11/21/2021,2021,2021,4,Q4 2021,11,November,Nov,46,3,21,1,Sunday,0,0,,Early Recovery,2021,FY21 Q4,2021,20214,202111
20211122,11/22/2021,2021,2021,4,Q4 2021,11,November,Nov,47,4,22,2,Monday,1,0,,Early Recovery,2021,FY21 Q4,2021,20214,202111
20211123,11/23/2021,2021,2021,4,Q4 2021,11,November,Nov,47,4,23,3,Tuesday,1,0,,Early Recovery,2021,FY21 Q4,2021,20214,202111
20211124,11/24/2021,2021,2021,4,Q4 2021,11,November,Nov,47,4,24,4,Wednesday,1,0,,Early Recovery,2021,FY21 Q4,2021,20214,202111
20211125,11/25/2021,2021,2021,4,Q4 2021,11,November,Nov,47,4,25,5,Thursday,1,1,Thanksgiving Day,Early Recovery,2021,FY21 Q4,2021,20214,202111
20211126,11/26/2021,2021,2021,4,Q4 2021,11,November,Nov,47,4,26,6,Friday,1,0,,Early Recovery,2021,FY21 Q4,2021,20214,202111
20211127,11/27/2021,2021,2021,4,Q4 2021,11,November,Nov,47,4,27,7,Saturday,0,0,,Early Recovery,2021,FY21 Q4,2021,20214,202111
20211128,11/28/2021,2021,2021,4,Q4 2021,11,November,Nov,47,4,28,1,Sunday,0,0,,Early Recovery,2021,FY21 Q4,2021,20214,202111
20211129,11/29/2021,2021,2021,4,Q4 2021,11,November,Nov,48,5,29,2,Monday,1,0,,Early Recovery,2021,FY21 Q4,2021,20214,202111
20211130,11/30/2021,2021,2021,4,Q4 2021,11,November,Nov,48,5,30,3,Tuesday,1,0,,Early Recovery,2021,FY21 Q4,2021,20214,202111
20211201,12/1/2021,2021,2021,4,Q4 2021,12,December,Dec,48,1,1,4,Wednesday,1,0,,Early Recovery,2021,FY21 Q4,2021,20214,202112
20211202,12/2/2021,2021,2021,4,Q4 2021,12,December,Dec,48,1,2,5,Thursday,1,0,,Early Recovery,2021,FY21 Q4,2021,20214,202112
20211203,12/3/2021,2021,2021,4,Q4 2021,12,December,Dec,48,1,3,6,Friday,1,0,,Early Recovery,2021,FY21 Q4,2021,20214,202112
20211204,12/4/2021,2021,2021,4,Q4 2021,12,December,Dec,48,1,4,7,Saturday,0,0,,Early Recovery,2021,FY21 Q4,2021,20214,202112
20211205,12/5/2021,2021,2021,4,Q4 2021,12,December,Dec,48,1,5,1,Sunday,0,0,,Early Recovery,2021,FY21 Q4,2021,20214,202112
20211206,12/6/2021,2021,2021,4,Q4 2021,12,December,Dec,49,1,6,2,Monday,1,0,,Early Recovery,2021,FY21 Q4,2021,20214,202112
20211207,12/7/2021,2021,2021,4,Q4 2021,12,December,Dec,49,1,7,3,Tuesday,1,0,,Early Recovery,2021,FY21 Q4,2021,20214,202112
20211208,12/8/2021,2021,2021,4,Q4 2021,12,December,Dec,49,2,8,4,Wednesday,1,0,,Early Recovery,2021,FY21 Q4,2021,20214,202112
20211209,12/9/2021,2021,2021,4,Q4 2021,12,December,Dec,49,2,9,5,Thursday,1,0,,Early Recovery,2021,FY21 Q4,2021,20214,202112
20211210,12/10/2021,2021,2021,4,Q4 2021,12,December,Dec,49,2,10,6,Friday,1,0,,Early Recovery,2021,FY21 Q4,2021,20214,202112
20211211,12/11/2021,2021,2021,4,Q4 2021,12,December,Dec,49,2,11,7,Saturday,0,0,,Early Recovery,2021,FY21 Q4,2021,20214,202112
20211212,12/12/2021,2021,2021,4,Q4 2021,12,December,Dec,49,2,12,1,Sunday,0,0,,Early Recovery,2021,FY21 Q4,2021,20214,202112
20211213,12/13/2021,2021,2021,4,Q4 2021,12,December,Dec,50,2,13,2,Monday,1,0,,Early Recovery,2021,FY21 Q4,2021,20214,202112
20211214,12/14/2021,2021,2021,4,Q4 2021,12,December,Dec,50,2,14,3,Tuesday,1,0,,Early Recovery,2021,FY21 Q4,2021,20214,202112
20211215,12/15/2021,2021,2021,4,Q4 2021,12,December,Dec,50,3,15,4,Wednesday,1,0,,Early Recovery,2021,FY21 Q4,2021,20214,202112
20211216,12/16/2021,2021,2021,4,Q4 2021,12,December,Dec,50,3,16,5,Thursday,1,0,,Early Recovery,2021,FY21 Q4,2021,20214,202112
20211217,12/17/2021,2021,2021,4,Q4 2021,12,December,Dec,50,3,17,6,Friday,1,0,,Early Recovery,2021,FY21 Q4,2021,20214,202112
20211218,12/18/2021,2021,2021,4,Q4 2021,12,December,Dec,50,3,18,7,Saturday,0,0,,Early Recovery,2021,FY21 Q4,2021,20214,202112
20211219,12/19/2021,2021,2021,4,Q4 2021,12,December,Dec,50,3,19,1,Sunday,0,0,,Early Recovery,2021,FY21 Q4,2021,20214,202112
20211220,12/20/2021,2021,2021,4,Q4 2021,12,December,Dec,51,3,20,2,Monday,1,0,,Early Recovery,2021,FY21 Q4,2021,20214,202112
20211221,12/21/2021,2021,2021,4,Q4 2021,12,December,Dec,51,3,21,3,Tuesday,1,0,,Early Recovery,2021,FY21 Q4,2021,20214,202112
20211222,12/22/2021,2021,2021,4,Q4 2021,12,December,Dec,51,4,22,4,Wednesday,1,0,,Early Recovery,2021,FY21 Q4,2021,20214,202112
20211223,12/23/2021,2021,2021,4,Q4 2021,12,December,Dec,51,4,23,5,Thursday,1,0,,Early Recovery,2021,FY21 Q4,2021,20214,202112
20211224,12/24/2021,2021,2021,4,Q4 2021,12,December,Dec,51,4,24,6,Friday,1,0,,Early Recovery,2021,FY21 Q4,2021,20214,202112
20211225,12/25/2021,2021,2021,4,Q4 2021,12,December,Dec,51,4,25,7,Saturday,0,1,Christmas Day,Early Recovery,2021,FY21 Q4,2021,20214,202112
20211226,12/26/2021,2021,2021,4,Q4 2021,12,December,Dec,51,4,26,1,Sunday,0,0,,Early Recovery,2021,FY21 Q4,2021,20214,202112
20211227,12/27/2021,2021,2021,4,Q4 2021,12,December,Dec,52,4,27,2,Monday,1,0,,Early Recovery,2021,FY21 Q4,2021,20214,202112
20211228,12/28/2021,2021,2021,4,Q4 2021,12,December,Dec,52,4,28,3,Tuesday,1,0,,Early Recovery,2021,FY21 Q4,2021,20214,202112
20211229,12/29/2021,2021,2021,4,Q4 2021,12,December,Dec,52,5,29,4,Wednesday,1,0,,Early Recovery,2021,FY21 Q4,2021,20214,202112
20211230,12/30/2021,2021,2021,4,Q4 2021,12,December,Dec,52,5,30,5,Thursday,1,0,,Early Recovery,2021,FY21 Q4,2021,20214,202112
20211231,12/31/2021,2021,2021,4,Q4 2021,12,December,Dec,52,5,31,6,Friday,1,0,,Early Recovery,2021,FY21 Q4,2021,20214,202112
20220101,1/1/2022,2022,2022,1,Q1 2022,1,January,Jan,52,1,1,7,Saturday,0,1,New Year's Day,Recovery,2022,FY22 Q1,2022,20221,202201
20220102,1/2/2022,2022,2022,1,Q1 2022,1,January,Jan,52,1,2,1,Sunday,0,0,,Recovery,2022,FY22 Q1,2022,20221,202201
20220103,1/3/2022,2022,2022,1,Q1 2022,1,January,Jan,1,1,3,2,Monday,1,0,,Recovery,2022,FY22 Q1,2022,20221,202201
20220104,1/4/2022,2022,2022,1,Q1 2022,1,January,Jan,1,1,4,3,Tuesday,1,0,,Recovery,2022,FY22 Q1,2022,20221,202201
20220105,1/5/2022,2022,2022,1,Q1 2022,1,January,Jan,1,1,5,4,Wednesday,1,0,,Recovery,2022,FY22 Q1,2022,20221,202201
20220106,1/6/2022,2022,2022,1,Q1 2022,1,January,Jan,1,1,6,5,Thursday,1,0,,Recovery,2022,FY22 Q1,2022,20221,202201
20220107,1/7/2022,2022,2022,1,Q1 2022,1,January,Jan,1,1,7,6,Friday,1,0,,Recovery,2022,FY22 Q1,2022,20221,202201
20220108,1/8/2022,2022,2022,1,Q1 2022,1,January,Jan,1,2,8,7,Saturday,0,0,,Recovery,2022,FY22 Q1,2022,20221,202201
20220109,1/9/2022,2022,2022,1,Q1 2022,1,January,Jan,1,2,9,1,Sunday,0,0,,Recovery,2022,FY22 Q1,2022,20221,202201
20220110,1/10/2022,2022,2022,1,Q1 2022,1,January,Jan,2,2,10,2,Monday,1,0,,Recovery,2022,FY22 Q1,2022,20221,202201
20220111,1/11/2022,2022,2022,1,Q1 2022,1,January,Jan,2,2,11,3,Tuesday,1,0,,Recovery,2022,FY22 Q1,2022,20221,202201
20220112,1/12/2022,2022,2022,1,Q1 2022,1,January,Jan,2,2,12,4,Wednesday,1,0,,Recovery,2022,FY22 Q1,2022,20221,202201
20220113,1/13/2022,2022,2022,1,Q1 2022,1,January,Jan,2,2,13,5,Thursday,1,0,,Recovery,2022,FY22 Q1,2022,20221,202201
20220114,1/14/2022,2022,2022,1,Q1 2022,1,January,Jan,2,2,14,6,Friday,1,0,,Recovery,2022,FY22 Q1,2022,20221,202201
20220115,1/15/2022,2022,2022,1,Q1 2022,1,January,Jan,2,3,15,7,Saturday,0,0,,Recovery,2022,FY22 Q1,2022,20221,202201
20220116,1/16/2022,2022,2022,1,Q1 2022,1,January,Jan,2,3,16,1,Sunday,0,0,,Recovery,2022,FY22 Q1,2022,20221,202201
20220117,1/17/2022,2022,2022,1,Q1 2022,1,January,Jan,3,3,17,2,Monday,1,1,Martin Luther King Jr. Day,Recovery,2022,FY22 Q1,2022,20221,202201
20220118,1/18/2022,2022,2022,1,Q1 2022,1,January,Jan,3,3,18,3,Tuesday,1,0,,Recovery,2022,FY22 Q1,2022,20221,202201
20220119,1/19/2022,2022,2022,1,Q1 2022,1,January,Jan,3,3,19,4,Wednesday,1,0,,Recovery,2022,FY22 Q1,2022,20221,202201
20220120,1/20/2022,2022,2022,1,Q1 2022,1,January,Jan,3,3,20,5,Thursday,1,0,,Recovery,2022,FY22 Q1,2022,20221,202201
20220121,1/21/2022,2022,2022,1,Q1 2022,1,January,Jan,3,3,21,6,Friday,1,0,,Recovery,2022,FY22 Q1,2022,20221,202201
20220122,1/22/2022,2022,2022,1,Q1 2022,1,January,Jan,3,4,22,7,Saturday,0,0,,Recovery,2022,FY22 Q1,2022,20221,202201
20220123,1/23/2022,2022,2022,1,Q1 2022,1,January,Jan,3,4,23,1,Sunday,0,0,,Recovery,2022,FY22 Q1,2022,20221,202201
20220124,1/24/2022,2022,2022,1,Q1 2022,1,January,Jan,4,4,24,2,Monday,1,0,,Recovery,2022,FY22 Q1,2022,20221,202201
20220125,1/25/2022,2022,2022,1,Q1 2022,1,January,Jan,4,4,25,3,Tuesday,1,0,,Recovery,2022,FY22 Q1,2022,20221,202201
20220126,1/26/2022,2022,2022,1,Q1 2022,1,January,Jan,4,4,26,4,Wednesday,1,0,,Recovery,2022,FY22 Q1,2022,20221,202201
20220127,1/27/2022,2022,2022,1,Q1 2022,1,January,Jan,4,4,27,5,Thursday,1,0,,Recovery,2022,FY22 Q1,2022,20221,202201
20220128,1/28/2022,2022,2022,1,Q1 2022,1,January,Jan,4,4,28,6,Friday,1,0,,Recovery,2022,FY22 Q1,2022,20221,202201
20220129,1/29/2022,2022,2022,1,Q1 2022,1,January,Jan,4,5,29,7,Saturday,0,0,,Recovery,2022,FY22 Q1,2022,20221,202201
20220130,1/30/2022,2022,2022,1,Q1 2022,1,January,Jan,4,5,30,1,Sunday,0,0,,Recovery,2022,FY22 Q1,2022,20221,202201
20220131,1/31/2022,2022,2022,1,Q1 2022,1,January,Jan,5,5,31,2,Monday,1,0,,Recovery,2022,FY22 Q1,2022,20221,202201
20220201,2/1/2022,2022,2022,1,Q1 2022,2,February,Feb,5,1,1,3,Tuesday,1,0,,Recovery,2022,FY22 Q1,2022,20221,202202
20220202,2/2/2022,2022,2022,1,Q1 2022,2,February,Feb,5,1,2,4,Wednesday,1,0,,Recovery,2022,FY22 Q1,2022,20221,202202
20220203,2/3/2022,2022,2022,1,Q1 2022,2,February,Feb,5,1,3,5,Thursday,1,0,,Recovery,2022,FY22 Q1,2022,20221,202202
20220204,2/4/2022,2022,2022,1,Q1 2022,2,February,Feb,5,1,4,6,Friday,1,0,,Recovery,2022,FY22 Q1,2022,20221,202202
20220205,2/5/2022,2022,2022,1,Q1 2022,2,February,Feb,5,1,5,7,Saturday,0,0,,Recovery,2022,FY22 Q1,2022,20221,202202
20220206,2/6/2022,2022,2022,1,Q1 2022,2,February,Feb,5,1,6,1,Sunday,0,0,,Recovery,2022,FY22 Q1,2022,20221,202202
20220207,2/7/2022,2022,2022,1,Q1 2022,2,February,Feb,6,1,7,2,Monday,1,0,,Recovery,2022,FY22 Q1,2022,20221,202202
20220208,2/8/2022,2022,2022,1,Q1 2022,2,February,Feb,6,2,8,3,Tuesday,1,0,,Recovery,2022,FY22 Q1,2022,20221,202202
20220209,2/9/2022,2022,2022,1,Q1 2022,2,February,Feb,6,2,9,4,Wednesday,1,0,,Recovery,2022,FY22 Q1,2022,20221,202202
20220210,2/10/2022,2022,2022,1,Q1 2022,2,February,Feb,6,2,10,5,Thursday,1,0,,Recovery,2022,FY22 Q1,2022,20221,202202
20220211,2/11/2022,2022,2022,1,Q1 2022,2,February,Feb,6,2,11,6,Friday,1,0,,Recovery,2022,FY22 Q1,2022,20221,202202
20220212,2/12/2022,2022,2022,1,Q1 2022,2,February,Feb,6,2,12,7,Saturday,0,0,,Recovery,2022,FY22 Q1,2022,20221,202202
20220213,2/13/2022,2022,2022,1,Q1 2022,2,February,Feb,6,2,13,1,Sunday,0,0,,Recovery,2022,FY22 Q1,2022,20221,202202
20220214,2/14/2022,2022,2022,1,Q1 2022,2,February,Feb,7,2,14,2,Monday,1,0,,Recovery,2022,FY22 Q1,2022,20221,202202
20220215,2/15/2022,2022,2022,1,Q1 2022,2,February,Feb,7,3,15,3,Tuesday,1,0,,Recovery,2022,FY22 Q1,2022,20221,202202
20220216,2/16/2022,2022,2022,1,Q1 2022,2,February,Feb,7,3,16,4,Wednesday,1,0,,Recovery,2022,FY22 Q1,2022,20221,202202
20220217,2/17/2022,2022,2022,1,Q1 2022,2,February,Feb,7,3,17,5,Thursday,1,0,,Recovery,2022,FY22 Q1,2022,20221,202202
20220218,2/18/2022,2022,2022,1,Q1 2022,2,February,Feb,7,3,18,6,Friday,1,0,,Recovery,2022,FY22 Q1,2022,20221,202202
20220219,2/19/2022,2022,2022,1,Q1 2022,2,February,Feb,7,3,19,7,Saturday,0,0,,Recovery,2022,FY22 Q1,2022,20221,202202
20220220,2/20/2022,2022,2022,1,Q1 2022,2,February,Feb,7,3,20,1,Sunday,0,0,,Recovery,2022,FY22 Q1,2022,20221,202202
20220221,2/21/2022,2022,2022,1,Q1 2022,2,February,Feb,8,3,21,2,Monday,1,1,Presidents Day,Recovery,2022,FY22 Q1,2022,20221,202202
20220222,2/22/2022,2022,2022,1,Q1 2022,2,February,Feb,8,4,22,3,Tuesday,1,0,,Recovery,2022,FY22 Q1,2022,20221,202202
20220223,2/23/2022,2022,2022,1,Q1 2022,2,February,Feb,8,4,23,4,Wednesday,1,0,,Recovery,2022,FY22 Q1,2022,20221,202202
20220224,2/24/2022,2022,2022,1,Q1 2022,2,February,Feb,8,4,24,5,Thursday,1,0,,Recovery,2022,FY22 Q1,2022,20221,202202
20220225,2/25/2022,2022,2022,1,Q1 2022,2,February,Feb,8,4,25,6,Friday,1,0,,Recovery,2022,FY22 Q1,2022,20221,202202
20220226,2/26/2022,2022,2022,1,Q1 2022,2,February,Feb,8,4,26,7,Saturday,0,0,,Recovery,2022,FY22 Q1,2022,20221,202202
20220227,2/27/2022,2022,2022,1,Q1 2022,2,February,Feb,8,4,27,1,Sunday,0,0,,Recovery,2022,FY22 Q1,2022,20221,202202
20220228,2/28/2022,2022,2022,1,Q1 2022,2,February,Feb,9,4,28,2,Monday,1,0,,Recovery,2022,FY22 Q1,2022,20221,202202
20220301,3/1/2022,2022,2022,1,Q1 2022,3,March,Mar,9,1,1,3,Tuesday,1,0,,Recovery,2022,FY22 Q1,2022,20221,202203
20220302,3/2/2022,2022,2022,1,Q1 2022,3,March,Mar,9,1,2,4,Wednesday,1,0,,Recovery,2022,FY22 Q1,2022,20221,202203
20220303,3/3/2022,2022,2022,1,Q1 2022,3,March,Mar,9,1,3,5,Thursday,1,0,,Recovery,2022,FY22 Q1,2022,20221,202203
20220304,3/4/2022,2022,2022,1,Q1 2022,3,March,Mar,9,1,4,6,Friday,1,0,,Recovery,2022,FY22 Q1,2022,20221,202203
20220305,3/5/2022,2022,2022,1,Q1 2022,3,March,Mar,9,1,5,7,Saturday,0,0,,Recovery,2022,FY22 Q1,2022,20221,202203
20220306,3/6/2022,2022,2022,1,Q1 2022,3,March,Mar,9,1,6,1,Sunday,0,0,,Recovery,2022,FY22 Q1,2022,20221,202203
20220307,3/7/2022,2022,2022,1,Q1 2022,3,March,Mar,10,1,7,2,Monday,1,0,,Recovery,2022,FY22 Q1,2022,20221,202203
20220308,3/8/2022,2022,2022,1,Q1 2022,3,March,Mar,10,2,8,3,Tuesday,1,0,,Recovery,2022,FY22 Q1,2022,20221,202203
20220309,3/9/2022,2022,2022,1,Q1 2022,3,March,Mar,10,2,9,4,Wednesday,1,0,,Recovery,2022,FY22 Q1,2022,20221,202203
20220310,3/10/2022,2022,2022,1,Q1 2022,3,March,Mar,10,2,10,5,Thursday,1,0,,Recovery,2022,FY22 Q1,2022,20221,202203
20220311,3/11/2022,2022,2022,1,Q1 2022,3,March,Mar,10,2,11,6,Friday,1,0,,Recovery,2022,FY22 Q1,2022,20221,202203
20220312,3/12/2022,2022,2022,1,Q1 2022,3,March,Mar,10,2,12,7,Saturday,0,0,,Recovery,2022,FY22 Q1,2022,20221,202203
20220313,3/13/2022,2022,2022,1,Q1 2022,3,March,Mar,10,2,13,1,Sunday,0,0,,Recovery,2022,FY22 Q1,2022,20221,202203
20220314,3/14/2022,2022,2022,1,Q1 2022,3,March,Mar,11,2,14,2,Monday,1,0,,Recovery,2022,FY22 Q1,2022,20221,202203
20220315,3/15/2022,2022,2022,1,Q1 2022,3,March,Mar,11,3,15,3,Tuesday,1,0,,Recovery,2022,FY22 Q1,2022,20221,202203
20220316,3/16/2022,2022,2022,1,Q1 2022,3,March,Mar,11,3,16,4,Wednesday,1,0,,Recovery,2022,FY22 Q1,2022,20221,202203
20220317,3/17/2022,2022,2022,1,Q1 2022,3,March,Mar,11,3,17,5,Thursday,1,0,,Recovery,2022,FY22 Q1,2022,20221,202203
20220318,3/18/2022,2022,2022,1,Q1 2022,3,March,Mar,11,3,18,6,Friday,1,0,,Recovery,2022,FY22 Q1,2022,20221,202203
20220319,3/19/2022,2022,2022,1,Q1 2022,3,March,Mar,11,3,19,7,Saturday,0,0,,Recovery,2022,FY22 Q1,2022,20221,202203
20220320,3/20/2022,2022,2022,1,Q1 2022,3,March,Mar,11,3,20,1,Sunday,0,0,,Recovery,2022,FY22 Q1,2022,20221,202203
20220321,3/21/2022,2022,2022,1,Q1 2022,3,March,Mar,12,3,21,2,Monday,1,0,,Recovery,2022,FY22 Q1,2022,20221,202203
20220322,3/22/2022,2022,2022,1,Q1 2022,3,March,Mar,12,4,22,3,Tuesday,1,0,,Recovery,2022,FY22 Q1,2022,20221,202203
20220323,3/23/2022,2022,2022,1,Q1 2022,3,March,Mar,12,4,23,4,Wednesday,1,0,,Recovery,2022,FY22 Q1,2022,20221,202203
20220324,3/24/2022,2022,2022,1,Q1 2022,3,March,Mar,12,4,24,5,Thursday,1,0,,Recovery,2022,FY22 Q1,2022,20221,202203
20220325,3/25/2022,2022,2022,1,Q1 2022,3,March,Mar,12,4,25,6,Friday,1,0,,Recovery,2022,FY22 Q1,2022,20221,202203
20220326,3/26/2022,2022,2022,1,Q1 2022,3,March,Mar,12,4,26,7,Saturday,0,0,,Recovery,2022,FY22 Q1,2022,20221,202203
20220327,3/27/2022,2022,2022,1,Q1 2022,3,March,Mar,12,4,27,1,Sunday,0,0,,Recovery,2022,FY22 Q1,2022,20221,202203
20220328,3/28/2022,2022,2022,1,Q1 2022,3,March,Mar,13,4,28,2,Monday,1,0,,Recovery,2022,FY22 Q1,2022,20221,202203
20220329,3/29/2022,2022,2022,1,Q1 2022,3,March,Mar,13,5,29,3,Tuesday,1,0,,Recovery,2022,FY22 Q1,2022,20221,202203
20220330,3/30/2022,2022,2022,1,Q1 2022,3,March,Mar,13,5,30,4,Wednesday,1,0,,Recovery,2022,FY22 Q1,2022,20221,202203
20220331,3/31/2022,2022,2022,1,Q1 2022,3,March,Mar,13,5,31,5,Thursday,1,0,,Recovery,2022,FY22 Q1,2022,20221,202203
20220401,4/1/2022,2022,2022,2,Q2 2022,4,April,Apr,13,1,1,6,Friday,1,0,,Recovery,2022,FY22 Q2,2022,20222,202204
20220402,4/2/2022,2022,2022,2,Q2 2022,4,April,Apr,13,1,2,7,Saturday,0,0,,Recovery,2022,FY22 Q2,2022,20222,202204
20220403,4/3/2022,2022,2022,2,Q2 2022,4,April,Apr,13,1,3,1,Sunday,0,0,,Recovery,2022,FY22 Q2,2022,20222,202204
20220404,4/4/2022,2022,2022,2,Q2 2022,4,April,Apr,14,1,4,2,Monday,1,0,,Recovery,2022,FY22 Q2,2022,20222,202204
20220405,4/5/2022,2022,2022,2,Q2 2022,4,April,Apr,14,1,5,3,Tuesday,1,0,,Recovery,2022,FY22 Q2,2022,20222,202204
20220406,4/6/2022,2022,2022,2,Q2 2022,4,April,Apr,14,1,6,4,Wednesday,1,0,,Recovery,2022,FY22 Q2,2022,20222,202204
20220407,4/7/2022,2022,2022,2,Q2 2022,4,April,Apr,14,1,7,5,Thursday,1,0,,Recovery,2022,FY22 Q2,2022,20222,202204
20220408,4/8/2022,2022,2022,2,Q2 2022,4,April,Apr,14,2,8,6,Friday,1,0,,Recovery,2022,FY22 Q2,2022,20222,202204
20220409,4/9/2022,2022,2022,2,Q2 2022,4,April,Apr,14,2,9,7,Saturday,0,0,,Recovery,2022,FY22 Q2,2022,20222,202204
20220410,4/10/2022,2022,2022,2,Q2 2022,4,April,Apr,14,2,10,1,Sunday,0,0,,Recovery,2022,FY22 Q2,2022,20222,202204
20220411,4/11/2022,2022,2022,2,Q2 2022,4,April,Apr,15,2,11,2,Monday,1,0,,Recovery,2022,FY22 Q2,2022,20222,202204
20220412,4/12/2022,2022,2022,2,Q2 2022,4,April,Apr,15,2,12,3,Tuesday,1,0,,Recovery,2022,FY22 Q2,2022,20222,202204
20220413,4/13/2022,2022,2022,2,Q2 2022,4,April,Apr,15,2,13,4,Wednesday,1,0,,Recovery,2022,FY22 Q2,2022,20222,202204
20220414,4/14/2022,2022,2022,2,Q2 2022,4,April,Apr,15,2,14,5,Thursday,1,0,,Recovery,2022,FY22 Q2,2022,20222,202204
20220415,4/15/2022,2022,2022,2,Q2 2022,4,April,Apr,15,3,15,6,Friday,1,0,,Recovery,2022,FY22 Q2,2022,20222,202204
20220416,4/16/2022,2022,2022,2,Q2 2022,4,April,Apr,15,3,16,7,Saturday,0,0,,Recovery,2022,FY22 Q2,2022,20222,202204
20220417,4/17/2022,2022,2022,2,Q2 2022,4,April,Apr,15,3,17,1,Sunday,0,0,,Recovery,2022,FY22 Q2,2022,20222,202204
20220418,4/18/2022,2022,2022,2,Q2 2022,4,April,Apr,16,3,18,2,Monday,1,0,,Recovery,2022,FY22 Q2,2022,20222,202204
20220419,4/19/2022,2022,2022,2,Q2 2022,4,April,Apr,16,3,19,3,Tuesday,1,0,,Recovery,2022,FY22 Q2,2022,20222,202204
20220420,4/20/2022,2022,2022,2,Q2 2022,4,April,Apr,16,3,20,4,Wednesday,1,0,,Recovery,2022,FY22 Q2,2022,20222,202204
20220421,4/21/2022,2022,2022,2,Q2 2022,4,April,Apr,16,3,21,5,Thursday,1,0,,Recovery,2022,FY22 Q2,2022,20222,202204
20220422,4/22/2022,2022,2022,2,Q2 2022,4,April,Apr,16,4,22,6,Friday,1,0,,Recovery,2022,FY22 Q2,2022,20222,202204
20220423,4/23/2022,2022,2022,2,Q2 2022,4,April,Apr,16,4,23,7,Saturday,0,0,,Recovery,2022,FY22 Q2,2022,20222,202204
20220424,4/24/2022,2022,2022,2,Q2 2022,4,April,Apr,16,4,24,1,Sunday,0,0,,Recovery,2022,FY22 Q2,2022,20222,202204
20220425,4/25/2022,2022,2022,2,Q2 2022,4,April,Apr,17,4,25,2,Monday,1,0,,Recovery,2022,FY22 Q2,2022,20222,202204
20220426,4/26/2022,2022,2022,2,Q2 2022,4,April,Apr,17,4,26,3,Tuesday,1,0,,Recovery,2022,FY22 Q2,2022,20222,202204
20220427,4/27/2022,2022,2022,2,Q2 2022,4,April,Apr,17,4,27,4,Wednesday,1,0,,Recovery,2022,FY22 Q2,2022,20222,202204
20220428,4/28/2022,2022,2022,2,Q2 2022,4,April,Apr,17,4,28,5,Thursday,1,0,,Recovery,2022,FY22 Q2,2022,20222,202204
20220429,4/29/2022,2022,2022,2,Q2 2022,4,April,Apr,17,5,29,6,Friday,1,0,,Recovery,2022,FY22 Q2,2022,20222,202204
20220430,4/30/2022,2022,2022,2,Q2 2022,4,April,Apr,17,5,30,7,Saturday,0,0,,Recovery,2022,FY22 Q2,2022,20222,202204
20220501,5/1/2022,2022,2022,2,Q2 2022,5,May,May,17,1,1,1,Sunday,0,0,,Recovery,2022,FY22 Q2,2022,20222,202205
20220502,5/2/2022,2022,2022,2,Q2 2022,5,May,May,18,1,2,2,Monday,1,0,,Recovery,2022,FY22 Q2,2022,20222,202205
20220503,5/3/2022,2022,2022,2,Q2 2022,5,May,May,18,1,3,3,Tuesday,1,0,,Recovery,2022,FY22 Q2,2022,20222,202205
20220504,5/4/2022,2022,2022,2,Q2 2022,5,May,May,18,1,4,4,Wednesday,1,0,,Recovery,2022,FY22 Q2,2022,20222,202205
20220505,5/5/2022,2022,2022,2,Q2 2022,5,May,May,18,1,5,5,Thursday,1,0,,Recovery,2022,FY22 Q2,2022,20222,202205
20220506,5/6/2022,2022,2022,2,Q2 2022,5,May,May,18,1,6,6,Friday,1,0,,Recovery,2022,FY22 Q2,2022,20222,202205
20220507,5/7/2022,2022,2022,2,Q2 2022,5,May,May,18,1,7,7,Saturday,0,0,,Recovery,2022,FY22 Q2,2022,20222,202205
20220508,5/8/2022,2022,2022,2,Q2 2022,5,May,May,18,2,8,1,Sunday,0,0,,Recovery,2022,FY22 Q2,2022,20222,202205
20220509,5/9/2022,2022,2022,2,Q2 2022,5,May,May,19,2,9,2,Monday,1,0,,Recovery,2022,FY22 Q2,2022,20222,202205
20220510,5/10/2022,2022,2022,2,Q2 2022,5,May,May,19,2,10,3,Tuesday,1,0,,Recovery,2022,FY22 Q2,2022,20222,202205
20220511,5/11/2022,2022,2022,2,Q2 2022,5,May,May,19,2,11,4,Wednesday,1,0,,Recovery,2022,FY22 Q2,2022,20222,202205
20220512,5/12/2022,2022,2022,2,Q2 2022,5,May,May,19,2,12,5,Thursday,1,0,,Recovery,2022,FY22 Q2,2022,20222,202205
20220513,5/13/2022,2022,2022,2,Q2 2022,5,May,May,19,2,13,6,Friday,1,0,,Recovery,2022,FY22 Q2,2022,20222,202205
20220514,5/14/2022,2022,2022,2,Q2 2022,5,May,May,19,2,14,7,Saturday,0,0,,Recovery,2022,FY22 Q2,2022,20222,202205
20220515,5/15/2022,2022,2022,2,Q2 2022,5,May,May,19,3,15,1,Sunday,0,0,,Recovery,2022,FY22 Q2,2022,20222,202205
20220516,5/16/2022,2022,2022,2,Q2 2022,5,May,May,20,3,16,2,Monday,1,0,,Recovery,2022,FY22 Q2,2022,20222,202205
20220517,5/17/2022,2022,2022,2,Q2 2022,5,May,May,20,3,17,3,Tuesday,1,0,,Recovery,2022,FY22 Q2,2022,20222,202205
20220518,5/18/2022,2022,2022,2,Q2 2022,5,May,May,20,3,18,4,Wednesday,1,0,,Recovery,2022,FY22 Q2,2022,20222,202205
20220519,5/19/2022,2022,2022,2,Q2 2022,5,May,May,20,3,19,5,Thursday,1,0,,Recovery,2022,FY22 Q2,2022,20222,202205
20220520,5/20/2022,2022,2022,2,Q2 2022,5,May,May,20,3,20,6,Friday,1,0,,Recovery,2022,FY22 Q2,2022,20222,202205
20220521,5/21/2022,2022,2022,2,Q2 2022,5,May,May,20,3,21,7,Saturday,0,0,,Recovery,2022,FY22 Q2,2022,20222,202205
20220522,5/22/2022,2022,2022,2,Q2 2022,5,May,May,20,4,22,1,Sunday,0,0,,Recovery,2022,FY22 Q2,2022,20222,202205
20220523,5/23/2022,2022,2022,2,Q2 2022,5,May,May,21,4,23,2,Monday,1,0,,Recovery,2022,FY22 Q2,2022,20222,202205
20220524,5/24/2022,2022,2022,2,Q2 2022,5,May,May,21,4,24,3,Tuesday,1,0,,Recovery,2022,FY22 Q2,2022,20222,202205
20220525,5/25/2022,2022,2022,2,Q2 2022,5,May,May,21,4,25,4,Wednesday,1,0,,Recovery,2022,FY22 Q2,2022,20222,202205
20220526,5/26/2022,2022,2022,2,Q2 2022,5,May,May,21,4,26,5,Thursday,1,0,,Recovery,2022,FY22 Q2,2022,20222,202205
20220527,5/27/2022,2022,2022,2,Q2 2022,5,May,May,21,4,27,6,Friday,1,0,,Recovery,2022,FY22 Q2,2022,20222,202205
20220528,5/28/2022,2022,2022,2,Q2 2022,5,May,May,21,4,28,7,Saturday,0,0,,Recovery,2022,FY22 Q2,2022,20222,202205
20220529,5/29/2022,2022,2022,2,Q2 2022,5,May,May,21,5,29,1,Sunday,0,0,,Recovery,2022,FY22 Q2,2022,20222,202205
20220530,5/30/2022,2022,2022,2,Q2 2022,5,May,May,22,5,30,2,Monday,1,1,Memorial Day,Recovery,2022,FY22 Q2,2022,20222,202205
20220531,5/31/2022,2022,2022,2,Q2 2022,5,May,May,22,5,31,3,Tuesday,1,0,,Recovery,2022,FY22 Q2,2022,20222,202205
20220601,6/1/2022,2022,2022,2,Q2 2022,6,June,Jun,22,1,1,4,Wednesday,1,0,,Recovery,2022,FY22 Q2,2022,20222,202206
20220602,6/2/2022,2022,2022,2,Q2 2022,6,June,Jun,22,1,2,5,Thursday,1,0,,Recovery,2022,FY22 Q2,2022,20222,202206
20220603,6/3/2022,2022,2022,2,Q2 2022,6,June,Jun,22,1,3,6,Friday,1,0,,Recovery,2022,FY22 Q2,2022,20222,202206
20220604,6/4/2022,2022,2022,2,Q2 2022,6,June,Jun,22,1,4,7,Saturday,0,0,,Recovery,2022,FY22 Q2,2022,20222,202206
20220605,6/5/2022,2022,2022,2,Q2 2022,6,June,Jun,22,1,5,1,Sunday,0,0,,Recovery,2022,FY22 Q2,2022,20222,202206
20220606,6/6/2022,2022,2022,2,Q2 2022,6,June,Jun,23,1,6,2,Monday,1,0,,Recovery,2022,FY22 Q2,2022,20222,202206
20220607,6/7/2022,2022,2022,2,Q2 2022,6,June,Jun,23,1,7,3,Tuesday,1,0,,Recovery,2022,FY22 Q2,2022,20222,202206
20220608,6/8/2022,2022,2022,2,Q2 2022,6,June,Jun,23,2,8,4,Wednesday,1,0,,Recovery,2022,FY22 Q2,2022,20222,202206
20220609,6/9/2022,2022,2022,2,Q2 2022,6,June,Jun,23,2,9,5,Thursday,1,0,,Recovery,2022,FY22 Q2,2022,20222,202206
20220610,6/10/2022,2022,2022,2,Q2 2022,6,June,Jun,23,2,10,6,Friday,1,0,,Recovery,2022,FY22 Q2,2022,20222,202206
20220611,6/11/2022,2022,2022,2,Q2 2022,6,June,Jun,23,2,11,7,Saturday,0,0,,Recovery,2022,FY22 Q2,2022,20222,202206
20220612,6/12/2022,2022,2022,2,Q2 2022,6,June,Jun,23,2,12,1,Sunday,0,0,,Recovery,2022,FY22 Q2,2022,20222,202206
20220613,6/13/2022,2022,2022,2,Q2 2022,6,June,Jun,24,2,13,2,Monday,1,0,,Recovery,2022,FY22 Q2,2022,20222,202206
20220614,6/14/2022,2022,2022,2,Q2 2022,6,June,Jun,24,2,14,3,Tuesday,1,0,,Recovery,2022,FY22 Q2,2022,20222,202206
20220615,6/15/2022,2022,2022,2,Q2 2022,6,June,Jun,24,3,15,4,Wednesday,1,0,,Recovery,2022,FY22 Q2,2022,20222,202206
20220616,6/16/2022,2022,2022,2,Q2 2022,6,June,Jun,24,3,16,5,Thursday,1,0,,Recovery,2022,FY22 Q2,2022,20222,202206
20220617,6/17/2022,2022,2022,2,Q2 2022,6,June,Jun,24,3,17,6,Friday,1,0,,Recovery,2022,FY22 Q2,2022,20222,202206
20220618,6/18/2022,2022,2022,2,Q2 2022,6,June,Jun,24,3,18,7,Saturday,0,0,,Recovery,2022,FY22 Q2,2022,20222,202206
20220619,6/19/2022,2022,2022,2,Q2 2022,6,June,Jun,24,3,19,1,Sunday,0,0,,Recovery,2022,FY22 Q2,2022,20222,202206
20220620,6/20/2022,2022,2022,2,Q2 2022,6,June,Jun,25,3,20,2,Monday,1,0,,Recovery,2022,FY22 Q2,2022,20222,202206
20220621,6/21/2022,2022,2022,2,Q2 2022,6,June,Jun,25,3,21,3,Tuesday,1,0,,Recovery,2022,FY22 Q2,2022,20222,202206
20220622,6/22/2022,2022,2022,2,Q2 2022,6,June,Jun,25,4,22,4,Wednesday,1,0,,Recovery,2022,FY22 Q2,2022,20222,202206
20220623,6/23/2022,2022,2022,2,Q2 2022,6,June,Jun,25,4,23,5,Thursday,1,0,,Recovery,2022,FY22 Q2,2022,20222,202206
20220624,6/24/2022,2022,2022,2,Q2 2022,6,June,Jun,25,4,24,6,Friday,1,0,,Recovery,2022,FY22 Q2,2022,20222,202206
20220625,6/25/2022,2022,2022,2,Q2 2022,6,June,Jun,25,4,25,7,Saturday,0,0,,Recovery,2022,FY22 Q2,2022,20222,202206
20220626,6/26/2022,2022,2022,2,Q2 2022,6,June,Jun,25,4,26,1,Sunday,0,0,,Recovery,2022,FY22 Q2,2022,20222,202206
20220627,6/27/2022,2022,2022,2,Q2 2022,6,June,Jun,26,4,27,2,Monday,1,0,,Recovery,2022,FY22 Q2,2022,20222,202206
20220628,6/28/2022,2022,2022,2,Q2 2022,6,June,Jun,26,4,28,3,Tuesday,1,0,,Recovery,2022,FY22 Q2,2022,20222,202206
20220629,6/29/2022,2022,2022,2,Q2 2022,6,June,Jun,26,5,29,4,Wednesday,1,0,,Recovery,2022,FY22 Q2,2022,20222,202206
20220630,6/30/2022,2022,2022,2,Q2 2022,6,June,Jun,26,5,30,5,Thursday,1,0,,Recovery,2022,FY22 Q2,2022,20222,202206
20220701,7/1/2022,2022,2022,3,Q3 2022,7,July,Jul,26,1,1,6,Friday,1,0,,Recovery,2022,FY22 Q3,2022,20223,202207
20220702,7/2/2022,2022,2022,3,Q3 2022,7,July,Jul,26,1,2,7,Saturday,0,0,,Recovery,2022,FY22 Q3,2022,20223,202207
20220703,7/3/2022,2022,2022,3,Q3 2022,7,July,Jul,26,1,3,1,Sunday,0,0,,Recovery,2022,FY22 Q3,2022,20223,202207
20220704,7/4/2022,2022,2022,3,Q3 2022,7,July,Jul,27,1,4,2,Monday,1,1,Independence Day,Recovery,2022,FY22 Q3,2022,20223,202207
20220705,7/5/2022,2022,2022,3,Q3 2022,7,July,Jul,27,1,5,3,Tuesday,1,0,,Recovery,2022,FY22 Q3,2022,20223,202207
20220706,7/6/2022,2022,2022,3,Q3 2022,7,July,Jul,27,1,6,4,Wednesday,1,0,,Recovery,2022,FY22 Q3,2022,20223,202207
20220707,7/7/2022,2022,2022,3,Q3 2022,7,July,Jul,27,1,7,5,Thursday,1,0,,Recovery,2022,FY22 Q3,2022,20223,202207
20220708,7/8/2022,2022,2022,3,Q3 2022,7,July,Jul,27,2,8,6,Friday,1,0,,Recovery,2022,FY22 Q3,2022,20223,202207
20220709,7/9/2022,2022,2022,3,Q3 2022,7,July,Jul,27,2,9,7,Saturday,0,0,,Recovery,2022,FY22 Q3,2022,20223,202207
20220710,7/10/2022,2022,2022,3,Q3 2022,7,July,Jul,27,2,10,1,Sunday,0,0,,Recovery,2022,FY22 Q3,2022,20223,202207
20220711,7/11/2022,2022,2022,3,Q3 2022,7,July,Jul,28,2,11,2,Monday,1,0,,Recovery,2022,FY22 Q3,2022,20223,202207
20220712,7/12/2022,2022,2022,3,Q3 2022,7,July,Jul,28,2,12,3,Tuesday,1,0,,Recovery,2022,FY22 Q3,2022,20223,202207
20220713,7/13/2022,2022,2022,3,Q3 2022,7,July,Jul,28,2,13,4,Wednesday,1,0,,Recovery,2022,FY22 Q3,2022,20223,202207
20220714,7/14/2022,2022,2022,3,Q3 2022,7,July,Jul,28,2,14,5,Thursday,1,0,,Recovery,2022,FY22 Q3,2022,20223,202207
20220715,7/15/2022,2022,2022,3,Q3 2022,7,July,Jul,28,3,15,6,Friday,1,0,,Recovery,2022,FY22 Q3,2022,20223,202207
20220716,7/16/2022,2022,2022,3,Q3 2022,7,July,Jul,28,3,16,7,Saturday,0,0,,Recovery,2022,FY22 Q3,2022,20223,202207
20220717,7/17/2022,2022,2022,3,Q3 2022,7,July,Jul,28,3,17,1,Sunday,0,0,,Recovery,2022,FY22 Q3,2022,20223,202207
20220718,7/18/2022,2022,2022,3,Q3 2022,7,July,Jul,29,3,18,2,Monday,1,0,,Recovery,2022,FY22 Q3,2022,20223,202207
20220719,7/19/2022,2022,2022,3,Q3 2022,7,July,Jul,29,3,19,3,Tuesday,1,0,,Recovery,2022,FY22 Q3,2022,20223,202207
20220720,7/20/2022,2022,2022,3,Q3 2022,7,July,Jul,29,3,20,4,Wednesday,1,0,,Recovery,2022,FY22 Q3,2022,20223,202207
20220721,7/21/2022,2022,2022,3,Q3 2022,7,July,Jul,29,3,21,5,Thursday,1,0,,Recovery,2022,FY22 Q3,2022,20223,202207
20220722,7/22/2022,2022,2022,3,Q3 2022,7,July,Jul,29,4,22,6,Friday,1,0,,Recovery,2022,FY22 Q3,2022,20223,202207
20220723,7/23/2022,2022,2022,3,Q3 2022,7,July,Jul,29,4,23,7,Saturday,0,0,,Recovery,2022,FY22 Q3,2022,20223,202207
20220724,7/24/2022,2022,2022,3,Q3 2022,7,July,Jul,29,4,24,1,Sunday,0,0,,Recovery,2022,FY22 Q3,2022,20223,202207
20220725,7/25/2022,2022,2022,3,Q3 2022,7,July,Jul,30,4,25,2,Monday,1,0,,Recovery,2022,FY22 Q3,2022,20223,202207
20220726,7/26/2022,2022,2022,3,Q3 2022,7,July,Jul,30,4,26,3,Tuesday,1,0,,Recovery,2022,FY22 Q3,2022,20223,202207
20220727,7/27/2022,2022,2022,3,Q3 2022,7,July,Jul,30,4,27,4,Wednesday,1,0,,Recovery,2022,FY22 Q3,2022,20223,202207
20220728,7/28/2022,2022,2022,3,Q3 2022,7,July,Jul,30,4,28,5,Thursday,1,0,,Recovery,2022,FY22 Q3,2022,20223,202207
20220729,7/29/2022,2022,2022,3,Q3 2022,7,July,Jul,30,5,29,6,Friday,1,0,,Recovery,2022,FY22 Q3,2022,20223,202207
20220730,7/30/2022,2022,2022,3,Q3 2022,7,July,Jul,30,5,30,7,Saturday,0,0,,Recovery,2022,FY22 Q3,2022,20223,202207
20220731,7/31/2022,2022,2022,3,Q3 2022,7,July,Jul,30,5,31,1,Sunday,0,0,,Recovery,2022,FY22 Q3,2022,20223,202207
20220801,8/1/2022,2022,2022,3,Q3 2022,8,August,Aug,31,1,1,2,Monday,1,0,,Recovery,2022,FY22 Q3,2022,20223,202208
20220802,8/2/2022,2022,2022,3,Q3 2022,8,August,Aug,31,1,2,3,Tuesday,1,0,,Recovery,2022,FY22 Q3,2022,20223,202208
20220803,8/3/2022,2022,2022,3,Q3 2022,8,August,Aug,31,1,3,4,Wednesday,1,0,,Recovery,2022,FY22 Q3,2022,20223,202208
20220804,8/4/2022,2022,2022,3,Q3 2022,8,August,Aug,31,1,4,5,Thursday,1,0,,Recovery,2022,FY22 Q3,2022,20223,202208
20220805,8/5/2022,2022,2022,3,Q3 2022,8,August,Aug,31,1,5,6,Friday,1,0,,Recovery,2022,FY22 Q3,2022,20223,202208
20220806,8/6/2022,2022,2022,3,Q3 2022,8,August,Aug,31,1,6,7,Saturday,0,0,,Recovery,2022,FY22 Q3,2022,20223,202208
20220807,8/7/2022,2022,2022,3,Q3 2022,8,August,Aug,31,1,7,1,Sunday,0,0,,Recovery,2022,FY22 Q3,2022,20223,202208
20220808,8/8/2022,2022,2022,3,Q3 2022,8,August,Aug,32,2,8,2,Monday,1,0,,Recovery,2022,FY22 Q3,2022,20223,202208
20220809,8/9/2022,2022,2022,3,Q3 2022,8,August,Aug,32,2,9,3,Tuesday,1,0,,Recovery,2022,FY22 Q3,2022,20223,202208
20220810,8/10/2022,2022,2022,3,Q3 2022,8,August,Aug,32,2,10,4,Wednesday,1,0,,Recovery,2022,FY22 Q3,2022,20223,202208
20220811,8/11/2022,2022,2022,3,Q3 2022,8,August,Aug,32,2,11,5,Thursday,1,0,,Recovery,2022,FY22 Q3,2022,20223,202208
20220812,8/12/2022,2022,2022,3,Q3 2022,8,August,Aug,32,2,12,6,Friday,1,0,,Recovery,2022,FY22 Q3,2022,20223,202208
20220813,8/13/2022,2022,2022,3,Q3 2022,8,August,Aug,32,2,13,7,Saturday,0,0,,Recovery,2022,FY22 Q3,2022,20223,202208
20220814,8/14/2022,2022,2022,3,Q3 2022,8,August,Aug,32,2,14,1,Sunday,0,0,,Recovery,2022,FY22 Q3,2022,20223,202208
20220815,8/15/2022,2022,2022,3,Q3 2022,8,August,Aug,33,3,15,2,Monday,1,0,,Recovery,2022,FY22 Q3,2022,20223,202208
20220816,8/16/2022,2022,2022,3,Q3 2022,8,August,Aug,33,3,16,3,Tuesday,1,0,,Recovery,2022,FY22 Q3,2022,20223,202208
20220817,8/17/2022,2022,2022,3,Q3 2022,8,August,Aug,33,3,17,4,Wednesday,1,0,,Recovery,2022,FY22 Q3,2022,20223,202208
20220818,8/18/2022,2022,2022,3,Q3 2022,8,August,Aug,33,3,18,5,Thursday,1,0,,Recovery,2022,FY22 Q3,2022,20223,202208
20220819,8/19/2022,2022,2022,3,Q3 2022,8,August,Aug,33,3,19,6,Friday,1,0,,Recovery,2022,FY22 Q3,2022,20223,202208
20220820,8/20/2022,2022,2022,3,Q3 2022,8,August,Aug,33,3,20,7,Saturday,0,0,,Recovery,2022,FY22 Q3,2022,20223,202208
20220821,8/21/2022,2022,2022,3,Q3 2022,8,August,Aug,33,3,21,1,Sunday,0,0,,Recovery,2022,FY22 Q3,2022,20223,202208
20220822,8/22/2022,2022,2022,3,Q3 2022,8,August,Aug,34,4,22,2,Monday,1,0,,Recovery,2022,FY22 Q3,2022,20223,202208
20220823,8/23/2022,2022,2022,3,Q3 2022,8,August,Aug,34,4,23,3,Tuesday,1,0,,Recovery,2022,FY22 Q3,2022,20223,202208
20220824,8/24/2022,2022,2022,3,Q3 2022,8,August,Aug,34,4,24,4,Wednesday,1,0,,Recovery,2022,FY22 Q3,2022,20223,202208
20220825,8/25/2022,2022,2022,3,Q3 2022,8,August,Aug,34,4,25,5,Thursday,1,0,,Recovery,2022,FY22 Q3,2022,20223,202208
20220826,8/26/2022,2022,2022,3,Q3 2022,8,August,Aug,34,4,26,6,Friday,1,0,,Recovery,2022,FY22 Q3,2022,20223,202208
20220827,8/27/2022,2022,2022,3,Q3 2022,8,August,Aug,34,4,27,7,Saturday,0,0,,Recovery,2022,FY22 Q3,2022,20223,202208
20220828,8/28/2022,2022,2022,3,Q3 2022,8,August,Aug,34,4,28,1,Sunday,0,0,,Recovery,2022,FY22 Q3,2022,20223,202208
20220829,8/29/2022,2022,2022,3,Q3 2022,8,August,Aug,35,5,29,2,Monday,1,0,,Recovery,2022,FY22 Q3,2022,20223,202208
20220830,8/30/2022,2022,2022,3,Q3 2022,8,August,Aug,35,5,30,3,Tuesday,1,0,,Recovery,2022,FY22 Q3,2022,20223,202208
20220831,8/31/2022,2022,2022,3,Q3 2022,8,August,Aug,35,5,31,4,Wednesday,1,0,,Recovery,2022,FY22 Q3,2022,20223,202208
20220901,9/1/2022,2022,2022,3,Q3 2022,9,September,Sep,35,1,1,5,Thursday,1,0,,Recovery,2022,FY22 Q3,2022,20223,202209
20220902,9/2/2022,2022,2022,3,Q3 2022,9,September,Sep,35,1,2,6,Friday,1,0,,Recovery,2022,FY22 Q3,2022,20223,202209
20220903,9/3/2022,2022,2022,3,Q3 2022,9,September,Sep,35,1,3,7,Saturday,0,0,,Recovery,2022,FY22 Q3,2022,20223,202209
20220904,9/4/2022,2022,2022,3,Q3 2022,9,September,Sep,35,1,4,1,Sunday,0,0,,Recovery,2022,FY22 Q3,2022,20223,202209
20220905,9/5/2022,2022,2022,3,Q3 2022,9,September,Sep,36,1,5,2,Monday,1,1,Labor Day,Recovery,2022,FY22 Q3,2022,20223,202209
20220906,9/6/2022,2022,2022,3,Q3 2022,9,September,Sep,36,1,6,3,Tuesday,1,0,,Recovery,2022,FY22 Q3,2022,20223,202209
20220907,9/7/2022,2022,2022,3,Q3 2022,9,September,Sep,36,1,7,4,Wednesday,1,0,,Recovery,2022,FY22 Q3,2022,20223,202209
20220908,9/8/2022,2022,2022,3,Q3 2022,9,September,Sep,36,2,8,5,Thursday,1,0,,Recovery,2022,FY22 Q3,2022,20223,202209
20220909,9/9/2022,2022,2022,3,Q3 2022,9,September,Sep,36,2,9,6,Friday,1,0,,Recovery,2022,FY22 Q3,2022,20223,202209
20220910,9/10/2022,2022,2022,3,Q3 2022,9,September,Sep,36,2,10,7,Saturday,0,0,,Recovery,2022,FY22 Q3,2022,20223,202209
20220911,9/11/2022,2022,2022,3,Q3 2022,9,September,Sep,36,2,11,1,Sunday,0,0,,Recovery,2022,FY22 Q3,2022,20223,202209
20220912,9/12/2022,2022,2022,3,Q3 2022,9,September,Sep,37,2,12,2,Monday,1,0,,Recovery,2022,FY22 Q3,2022,20223,202209
20220913,9/13/2022,2022,2022,3,Q3 2022,9,September,Sep,37,2,13,3,Tuesday,1,0,,Recovery,2022,FY22 Q3,2022,20223,202209
20220914,9/14/2022,2022,2022,3,Q3 2022,9,September,Sep,37,2,14,4,Wednesday,1,0,,Recovery,2022,FY22 Q3,2022,20223,202209
20220915,9/15/2022,2022,2022,3,Q3 2022,9,September,Sep,37,3,15,5,Thursday,1,0,,Recovery,2022,FY22 Q3,2022,20223,202209
20220916,9/16/2022,2022,2022,3,Q3 2022,9,September,Sep,37,3,16,6,Friday,1,0,,Recovery,2022,FY22 Q3,2022,20223,202209
20220917,9/17/2022,2022,2022,3,Q3 2022,9,September,Sep,37,3,17,7,Saturday,0,0,,Recovery,2022,FY22 Q3,2022,20223,202209
20220918,9/18/2022,2022,2022,3,Q3 2022,9,September,Sep,37,3,18,1,Sunday,0,0,,Recovery,2022,FY22 Q3,2022,20223,202209
20220919,9/19/2022,2022,2022,3,Q3 2022,9,September,Sep,38,3,19,2,Monday,1,0,,Recovery,2022,FY22 Q3,2022,20223,202209
20220920,9/20/2022,2022,2022,3,Q3 2022,9,September,Sep,38,3,20,3,Tuesday,1,0,,Recovery,2022,FY22 Q3,2022,20223,202209
20220921,9/21/2022,2022,2022,3,Q3 2022,9,September,Sep,38,3,21,4,Wednesday,1,0,,Recovery,2022,FY22 Q3,2022,20223,202209
20220922,9/22/2022,2022,2022,3,Q3 2022,9,September,Sep,38,4,22,5,Thursday,1,0,,Recovery,2022,FY22 Q3,2022,20223,202209
20220923,9/23/2022,2022,2022,3,Q3 2022,9,September,Sep,38,4,23,6,Friday,1,0,,Recovery,2022,FY22 Q3,2022,20223,202209
20220924,9/24/2022,2022,2022,3,Q3 2022,9,September,Sep,38,4,24,7,Saturday,0,0,,Recovery,2022,FY22 Q3,2022,20223,202209
20220925,9/25/2022,2022,2022,3,Q3 2022,9,September,Sep,38,4,25,1,Sunday,0,0,,Recovery,2022,FY22 Q3,2022,20223,202209
20220926,9/26/2022,2022,2022,3,Q3 2022,9,September,Sep,39,4,26,2,Monday,1,0,,Recovery,2022,FY22 Q3,2022,20223,202209
20220927,9/27/2022,2022,2022,3,Q3 2022,9,September,Sep,39,4,27,3,Tuesday,1,0,,Recovery,2022,FY22 Q3,2022,20223,202209
20220928,9/28/2022,2022,2022,3,Q3 2022,9,September,Sep,39,4,28,4,Wednesday,1,0,,Recovery,2022,FY22 Q3,2022,20223,202209
20220929,9/29/2022,2022,2022,3,Q3 2022,9,September,Sep,39,5,29,5,Thursday,1,0,,Recovery,2022,FY22 Q3,2022,20223,202209
20220930,9/30/2022,2022,2022,3,Q3 2022,9,September,Sep,39,5,30,6,Friday,1,0,,Recovery,2022,FY22 Q3,2022,20223,202209
20221001,10/1/2022,2022,2022,4,Q4 2022,10,October,Oct,39,1,1,7,Saturday,0,0,,Recovery,2022,FY22 Q4,2022,20224,202210
20221002,10/2/2022,2022,2022,4,Q4 2022,10,October,Oct,39,1,2,1,Sunday,0,0,,Recovery,2022,FY22 Q4,2022,20224,202210
20221003,10/3/2022,2022,2022,4,Q4 2022,10,October,Oct,40,1,3,2,Monday,1,0,,Recovery,2022,FY22 Q4,2022,20224,202210
20221004,10/4/2022,2022,2022,4,Q4 2022,10,October,Oct,40,1,4,3,Tuesday,1,0,,Recovery,2022,FY22 Q4,2022,20224,202210
20221005,10/5/2022,2022,2022,4,Q4 2022,10,October,Oct,40,1,5,4,Wednesday,1,0,,Recovery,2022,FY22 Q4,2022,20224,202210
20221006,10/6/2022,2022,2022,4,Q4 2022,10,October,Oct,40,1,6,5,Thursday,1,0,,Recovery,2022,FY22 Q4,2022,20224,202210
20221007,10/7/2022,2022,2022,4,Q4 2022,10,October,Oct,40,1,7,6,Friday,1,0,,Recovery,2022,FY22 Q4,2022,20224,202210
20221008,10/8/2022,2022,2022,4,Q4 2022,10,October,Oct,40,2,8,7,Saturday,0,0,,Recovery,2022,FY22 Q4,2022,20224,202210
20221009,10/9/2022,2022,2022,4,Q4 2022,10,October,Oct,40,2,9,1,Sunday,0,0,,Recovery,2022,FY22 Q4,2022,20224,202210
20221010,10/10/2022,2022,2022,4,Q4 2022,10,October,Oct,41,2,10,2,Monday,1,0,,Recovery,2022,FY22 Q4,2022,20224,202210
20221011,10/11/2022,2022,2022,4,Q4 2022,10,October,Oct,41,2,11,3,Tuesday,1,0,,Recovery,2022,FY22 Q4,2022,20224,202210
20221012,10/12/2022,2022,2022,4,Q4 2022,10,October,Oct,41,2,12,4,Wednesday,1,0,,Recovery,2022,FY22 Q4,2022,20224,202210
20221013,10/13/2022,2022,2022,4,Q4 2022,10,October,Oct,41,2,13,5,Thursday,1,0,,Recovery,2022,FY22 Q4,2022,20224,202210
20221014,10/14/2022,2022,2022,4,Q4 2022,10,October,Oct,41,2,14,6,Friday,1,0,,Recovery,2022,FY22 Q4,2022,20224,202210
20221015,10/15/2022,2022,2022,4,Q4 2022,10,October,Oct,41,3,15,7,Saturday,0,0,,Recovery,2022,FY22 Q4,2022,20224,202210
20221016,10/16/2022,2022,2022,4,Q4 2022,10,October,Oct,41,3,16,1,Sunday,0,0,,Recovery,2022,FY22 Q4,2022,20224,202210
20221017,10/17/2022,2022,2022,4,Q4 2022,10,October,Oct,42,3,17,2,Monday,1,0,,Recovery,2022,FY22 Q4,2022,20224,202210
20221018,10/18/2022,2022,2022,4,Q4 2022,10,October,Oct,42,3,18,3,Tuesday,1,0,,Recovery,2022,FY22 Q4,2022,20224,202210
20221019,10/19/2022,2022,2022,4,Q4 2022,10,October,Oct,42,3,19,4,Wednesday,1,0,,Recovery,2022,FY22 Q4,2022,20224,202210
20221020,10/20/2022,2022,2022,4,Q4 2022,10,October,Oct,42,3,20,5,Thursday,1,0,,Recovery,2022,FY22 Q4,2022,20224,202210
20221021,10/21/2022,2022,2022,4,Q4 2022,10,October,Oct,42,3,21,6,Friday,1,0,,Recovery,2022,FY22 Q4,2022,20224,202210
20221022,10/22/2022,2022,2022,4,Q4 2022,10,October,Oct,42,4,22,7,Saturday,0,0,,Recovery,2022,FY22 Q4,2022,20224,202210
20221023,10/23/2022,2022,2022,4,Q4 2022,10,October,Oct,42,4,23,1,Sunday,0,0,,Recovery,2022,FY22 Q4,2022,20224,202210
20221024,10/24/2022,2022,2022,4,Q4 2022,10,October,Oct,43,4,24,2,Monday,1,0,,Recovery,2022,FY22 Q4,2022,20224,202210
20221025,10/25/2022,2022,2022,4,Q4 2022,10,October,Oct,43,4,25,3,Tuesday,1,0,,Recovery,2022,FY22 Q4,2022,20224,202210
20221026,10/26/2022,2022,2022,4,Q4 2022,10,October,Oct,43,4,26,4,Wednesday,1,0,,Recovery,2022,FY22 Q4,2022,20224,202210
20221027,10/27/2022,2022,2022,4,Q4 2022,10,October,Oct,43,4,27,5,Thursday,1,0,,Recovery,2022,FY22 Q4,2022,20224,202210
20221028,10/28/2022,2022,2022,4,Q4 2022,10,October,Oct,43,4,28,6,Friday,1,0,,Recovery,2022,FY22 Q4,2022,20224,202210
20221029,10/29/2022,2022,2022,4,Q4 2022,10,October,Oct,43,5,29,7,Saturday,0,0,,Recovery,2022,FY22 Q4,2022,20224,202210
20221030,10/30/2022,2022,2022,4,Q4 2022,10,October,Oct,43,5,30,1,Sunday,0,0,,Recovery,2022,FY22 Q4,2022,20224,202210
20221031,10/31/2022,2022,2022,4,Q4 2022,10,October,Oct,44,5,31,2,Monday,1,0,,Recovery,2022,FY22 Q4,2022,20224,202210
20221101,11/1/2022,2022,2022,4,Q4 2022,11,November,Nov,44,1,1,3,Tuesday,1,0,,Recovery,2022,FY22 Q4,2022,20224,202211
20221102,11/2/2022,2022,2022,4,Q4 2022,11,November,Nov,44,1,2,4,Wednesday,1,0,,Recovery,2022,FY22 Q4,2022,20224,202211
20221103,11/3/2022,2022,2022,4,Q4 2022,11,November,Nov,44,1,3,5,Thursday,1,0,,Recovery,2022,FY22 Q4,2022,20224,202211
20221104,11/4/2022,2022,2022,4,Q4 2022,11,November,Nov,44,1,4,6,Friday,1,0,,Recovery,2022,FY22 Q4,2022,20224,202211
20221105,11/5/2022,2022,2022,4,Q4 2022,11,November,Nov,44,1,5,7,Saturday,0,0,,Recovery,2022,FY22 Q4,2022,20224,202211
20221106,11/6/2022,2022,2022,4,Q4 2022,11,November,Nov,44,1,6,1,Sunday,0,0,,Recovery,2022,FY22 Q4,2022,20224,202211
20221107,11/7/2022,2022,2022,4,Q4 2022,11,November,Nov,45,1,7,2,Monday,1,0,,Recovery,2022,FY22 Q4,2022,20224,202211
20221108,11/8/2022,2022,2022,4,Q4 2022,11,November,Nov,45,2,8,3,Tuesday,1,0,,Recovery,2022,FY22 Q4,2022,20224,202211
20221109,11/9/2022,2022,2022,4,Q4 2022,11,November,Nov,45,2,9,4,Wednesday,1,0,,Recovery,2022,FY22 Q4,2022,20224,202211
20221110,11/10/2022,2022,2022,4,Q4 2022,11,November,Nov,45,2,10,5,Thursday,1,0,,Recovery,2022,FY22 Q4,2022,20224,202211
20221111,11/11/2022,2022,2022,4,Q4 2022,11,November,Nov,45,2,11,6,Friday,1,0,,Recovery,2022,FY22 Q4,2022,20224,202211
20221112,11/12/2022,2022,2022,4,Q4 2022,11,November,Nov,45,2,12,7,Saturday,0,0,,Recovery,2022,FY22 Q4,2022,20224,202211
20221113,11/13/2022,2022,2022,4,Q4 2022,11,November,Nov,45,2,13,1,Sunday,0,0,,Recovery,2022,FY22 Q4,2022,20224,202211
20221114,11/14/2022,2022,2022,4,Q4 2022,11,November,Nov,46,2,14,2,Monday,1,0,,Recovery,2022,FY22 Q4,2022,20224,202211
20221115,11/15/2022,2022,2022,4,Q4 2022,11,November,Nov,46,3,15,3,Tuesday,1,0,,Recovery,2022,FY22 Q4,2022,20224,202211
20221116,11/16/2022,2022,2022,4,Q4 2022,11,November,Nov,46,3,16,4,Wednesday,1,0,,Recovery,2022,FY22 Q4,2022,20224,202211
20221117,11/17/2022,2022,2022,4,Q4 2022,11,November,Nov,46,3,17,5,Thursday,1,0,,Recovery,2022,FY22 Q4,2022,20224,202211
20221118,11/18/2022,2022,2022,4,Q4 2022,11,November,Nov,46,3,18,6,Friday,1,0,,Recovery,2022,FY22 Q4,2022,20224,202211
20221119,11/19/2022,2022,2022,4,Q4 2022,11,November,Nov,46,3,19,7,Saturday,0,0,,Recovery,2022,FY22 Q4,2022,20224,202211
20221120,11/20/2022,2022,2022,4,Q4 2022,11,November,Nov,46,3,20,1,Sunday,0,0,,Recovery,2022,FY22 Q4,2022,20224,202211
20221121,11/21/2022,2022,2022,4,Q4 2022,11,November,Nov,47,3,21,2,Monday,1,0,,Recovery,2022,FY22 Q4,2022,20224,202211
20221122,11/22/2022,2022,2022,4,Q4 2022,11,November,Nov,47,4,22,3,Tuesday,1,0,,Recovery,2022,FY22 Q4,2022,20224,202211
20221123,11/23/2022,2022,2022,4,Q4 2022,11,November,Nov,47,4,23,4,Wednesday,1,0,,Recovery,2022,FY22 Q4,2022,20224,202211
20221124,11/24/2022,2022,2022,4,Q4 2022,11,November,Nov,47,4,24,5,Thursday,1,1,Thanksgiving Day,Recovery,2022,FY22 Q4,2022,20224,202211
20221125,11/25/2022,2022,2022,4,Q4 2022,11,November,Nov,47,4,25,6,Friday,1,0,,Recovery,2022,FY22 Q4,2022,20224,202211
20221126,11/26/2022,2022,2022,4,Q4 2022,11,November,Nov,47,4,26,7,Saturday,0,0,,Recovery,2022,FY22 Q4,2022,20224,202211
20221127,11/27/2022,2022,2022,4,Q4 2022,11,November,Nov,47,4,27,1,Sunday,0,0,,Recovery,2022,FY22 Q4,2022,20224,202211
20221128,11/28/2022,2022,2022,4,Q4 2022,11,November,Nov,48,4,28,2,Monday,1,0,,Recovery,2022,FY22 Q4,2022,20224,202211
20221129,11/29/2022,2022,2022,4,Q4 2022,11,November,Nov,48,5,29,3,Tuesday,1,0,,Recovery,2022,FY22 Q4,2022,20224,202211
20221130,11/30/2022,2022,2022,4,Q4 2022,11,November,Nov,48,5,30,4,Wednesday,1,0,,Recovery,2022,FY22 Q4,2022,20224,202211
20221201,12/1/2022,2022,2022,4,Q4 2022,12,December,Dec,48,1,1,5,Thursday,1,0,,Recovery,2022,FY22 Q4,2022,20224,202212
20221202,12/2/2022,2022,2022,4,Q4 2022,12,December,Dec,48,1,2,6,Friday,1,0,,Recovery,2022,FY22 Q4,2022,20224,202212
20221203,12/3/2022,2022,2022,4,Q4 2022,12,December,Dec,48,1,3,7,Saturday,0,0,,Recovery,2022,FY22 Q4,2022,20224,202212
20221204,12/4/2022,2022,2022,4,Q4 2022,12,December,Dec,48,1,4,1,Sunday,0,0,,Recovery,2022,FY22 Q4,2022,20224,202212
20221205,12/5/2022,2022,2022,4,Q4 2022,12,December,Dec,49,1,5,2,Monday,1,0,,Recovery,2022,FY22 Q4,2022,20224,202212
20221206,12/6/2022,2022,2022,4,Q4 2022,12,December,Dec,49,1,6,3,Tuesday,1,0,,Recovery,2022,FY22 Q4,2022,20224,202212
20221207,12/7/2022,2022,2022,4,Q4 2022,12,December,Dec,49,1,7,4,Wednesday,1,0,,Recovery,2022,FY22 Q4,2022,20224,202212
20221208,12/8/2022,2022,2022,4,Q4 2022,12,December,Dec,49,2,8,5,Thursday,1,0,,Recovery,2022,FY22 Q4,2022,20224,202212
20221209,12/9/2022,2022,2022,4,Q4 2022,12,December,Dec,49,2,9,6,Friday,1,0,,Recovery,2022,FY22 Q4,2022,20224,202212
20221210,12/10/2022,2022,2022,4,Q4 2022,12,December,Dec,49,2,10,7,Saturday,0,0,,Recovery,2022,FY22 Q4,2022,20224,202212
20221211,12/11/2022,2022,2022,4,Q4 2022,12,December,Dec,49,2,11,1,Sunday,0,0,,Recovery,2022,FY22 Q4,2022,20224,202212
20221212,12/12/2022,2022,2022,4,Q4 2022,12,December,Dec,50,2,12,2,Monday,1,0,,Recovery,2022,FY22 Q4,2022,20224,202212
20221213,12/13/2022,2022,2022,4,Q4 2022,12,December,Dec,50,2,13,3,Tuesday,1,0,,Recovery,2022,FY22 Q4,2022,20224,202212
20221214,12/14/2022,2022,2022,4,Q4 2022,12,December,Dec,50,2,14,4,Wednesday,1,0,,Recovery,2022,FY22 Q4,2022,20224,202212
20221215,12/15/2022,2022,2022,4,Q4 2022,12,December,Dec,50,3,15,5,Thursday,1,0,,Recovery,2022,FY22 Q4,2022,20224,202212
20221216,12/16/2022,2022,2022,4,Q4 2022,12,December,Dec,50,3,16,6,Friday,1,0,,Recovery,2022,FY22 Q4,2022,20224,202212
20221217,12/17/2022,2022,2022,4,Q4 2022,12,December,Dec,50,3,17,7,Saturday,0,0,,Recovery,2022,FY22 Q4,2022,20224,202212
20221218,12/18/2022,2022,2022,4,Q4 2022,12,December,Dec,50,3,18,1,Sunday,0,0,,Recovery,2022,FY22 Q4,2022,20224,202212
20221219,12/19/2022,2022,2022,4,Q4 2022,12,December,Dec,51,3,19,2,Monday,1,0,,Recovery,2022,FY22 Q4,2022,20224,202212
20221220,12/20/2022,2022,2022,4,Q4 2022,12,December,Dec,51,3,20,3,Tuesday,1,0,,Recovery,2022,FY22 Q4,2022,20224,202212
20221221,12/21/2022,2022,2022,4,Q4 2022,12,December,Dec,51,3,21,4,Wednesday,1,0,,Recovery,2022,FY22 Q4,2022,20224,202212
20221222,12/22/2022,2022,2022,4,Q4 2022,12,December,Dec,51,4,22,5,Thursday,1,0,,Recovery,2022,FY22 Q4,2022,20224,202212
20221223,12/23/2022,2022,2022,4,Q4 2022,12,December,Dec,51,4,23,6,Friday,1,0,,Recovery,2022,FY22 Q4,2022,20224,202212
20221224,12/24/2022,2022,2022,4,Q4 2022,12,December,Dec,51,4,24,7,Saturday,0,0,,Recovery,2022,FY22 Q4,2022,20224,202212
20221225,12/25/2022,2022,2022,4,Q4 2022,12,December,Dec,51,4,25,1,Sunday,0,1,Christmas Day,Recovery,2022,FY22 Q4,2022,20224,202212
20221226,12/26/2022,2022,2022,4,Q4 2022,12,December,Dec,52,4,26,2,Monday,1,0,,Recovery,2022,FY22 Q4,2022,20224,202212
20221227,12/27/2022,2022,2022,4,Q4 2022,12,December,Dec,52,4,27,3,Tuesday,1,0,,Recovery,2022,FY22 Q4,2022,20224,202212
20221228,12/28/2022,2022,2022,4,Q4 2022,12,December,Dec,52,4,28,4,Wednesday,1,0,,Recovery,2022,FY22 Q4,2022,20224,202212
20221229,12/29/2022,2022,2022,4,Q4 2022,12,December,Dec,52,5,29,5,Thursday,1,0,,Recovery,2022,FY22 Q4,2022,20224,202212
20221230,12/30/2022,2022,2022,4,Q4 2022,12,December,Dec,52,5,30,6,Friday,1,0,,Recovery,2022,FY22 Q4,2022,20224,202212
20221231,12/31/2022,2022,2022,4,Q4 2022,12,December,Dec,52,5,31,7,Saturday,0,0,,Recovery,2022,FY22 Q4,2022,20224,202212
20230101,1/1/2023,2023,2023,1,Q1 2023,1,January,Jan,52,1,1,1,Sunday,0,1,New Year's Day,Post-Pandemic,2023,FY23 Q1,2023,20231,202301
20230102,1/2/2023,2023,2023,1,Q1 2023,1,January,Jan,1,1,2,2,Monday,1,0,,Post-Pandemic,2023,FY23 Q1,2023,20231,202301
20230103,1/3/2023,2023,2023,1,Q1 2023,1,January,Jan,1,1,3,3,Tuesday,1,0,,Post-Pandemic,2023,FY23 Q1,2023,20231,202301
20230104,1/4/2023,2023,2023,1,Q1 2023,1,January,Jan,1,1,4,4,Wednesday,1,0,,Post-Pandemic,2023,FY23 Q1,2023,20231,202301
20230105,1/5/2023,2023,2023,1,Q1 2023,1,January,Jan,1,1,5,5,Thursday,1,0,,Post-Pandemic,2023,FY23 Q1,2023,20231,202301
20230106,1/6/2023,2023,2023,1,Q1 2023,1,January,Jan,1,1,6,6,Friday,1,0,,Post-Pandemic,2023,FY23 Q1,2023,20231,202301
20230107,1/7/2023,2023,2023,1,Q1 2023,1,January,Jan,1,1,7,7,Saturday,0,0,,Post-Pandemic,2023,FY23 Q1,2023,20231,202301
20230108,1/8/2023,2023,2023,1,Q1 2023,1,January,Jan,1,2,8,1,Sunday,0,0,,Post-Pandemic,2023,FY23 Q1,2023,20231,202301
20230109,1/9/2023,2023,2023,1,Q1 2023,1,January,Jan,2,2,9,2,Monday,1,0,,Post-Pandemic,2023,FY23 Q1,2023,20231,202301
20230110,1/10/2023,2023,2023,1,Q1 2023,1,January,Jan,2,2,10,3,Tuesday,1,0,,Post-Pandemic,2023,FY23 Q1,2023,20231,202301
20230111,1/11/2023,2023,2023,1,Q1 2023,1,January,Jan,2,2,11,4,Wednesday,1,0,,Post-Pandemic,2023,FY23 Q1,2023,20231,202301
20230112,1/12/2023,2023,2023,1,Q1 2023,1,January,Jan,2,2,12,5,Thursday,1,0,,Post-Pandemic,2023,FY23 Q1,2023,20231,202301
20230113,1/13/2023,2023,2023,1,Q1 2023,1,January,Jan,2,2,13,6,Friday,1,0,,Post-Pandemic,2023,FY23 Q1,2023,20231,202301
20230114,1/14/2023,2023,2023,1,Q1 2023,1,January,Jan,2,2,14,7,Saturday,0,0,,Post-Pandemic,2023,FY23 Q1,2023,20231,202301
20230115,1/15/2023,2023,2023,1,Q1 2023,1,January,Jan,2,3,15,1,Sunday,0,0,,Post-Pandemic,2023,FY23 Q1,2023,20231,202301
20230116,1/16/2023,2023,2023,1,Q1 2023,1,January,Jan,3,3,16,2,Monday,1,1,Martin Luther King Jr. Day,Post-Pandemic,2023,FY23 Q1,2023,20231,202301
20230117,1/17/2023,2023,2023,1,Q1 2023,1,January,Jan,3,3,17,3,Tuesday,1,0,,Post-Pandemic,2023,FY23 Q1,2023,20231,202301
20230118,1/18/2023,2023,2023,1,Q1 2023,1,January,Jan,3,3,18,4,Wednesday,1,0,,Post-Pandemic,2023,FY23 Q1,2023,20231,202301
20230119,1/19/2023,2023,2023,1,Q1 2023,1,January,Jan,3,3,19,5,Thursday,1,0,,Post-Pandemic,2023,FY23 Q1,2023,20231,202301
20230120,1/20/2023,2023,2023,1,Q1 2023,1,January,Jan,3,3,20,6,Friday,1,0,,Post-Pandemic,2023,FY23 Q1,2023,20231,202301
20230121,1/21/2023,2023,2023,1,Q1 2023,1,January,Jan,3,3,21,7,Saturday,0,0,,Post-Pandemic,2023,FY23 Q1,2023,20231,202301
20230122,1/22/2023,2023,2023,1,Q1 2023,1,January,Jan,3,4,22,1,Sunday,0,0,,Post-Pandemic,2023,FY23 Q1,2023,20231,202301
20230123,1/23/2023,2023,2023,1,Q1 2023,1,January,Jan,4,4,23,2,Monday,1,0,,Post-Pandemic,2023,FY23 Q1,2023,20231,202301
20230124,1/24/2023,2023,2023,1,Q1 2023,1,January,Jan,4,4,24,3,Tuesday,1,0,,Post-Pandemic,2023,FY23 Q1,2023,20231,202301
20230125,1/25/2023,2023,2023,1,Q1 2023,1,January,Jan,4,4,25,4,Wednesday,1,0,,Post-Pandemic,2023,FY23 Q1,2023,20231,202301
20230126,1/26/2023,2023,2023,1,Q1 2023,1,January,Jan,4,4,26,5,Thursday,1,0,,Post-Pandemic,2023,FY23 Q1,2023,20231,202301
20230127,1/27/2023,2023,2023,1,Q1 2023,1,January,Jan,4,4,27,6,Friday,1,0,,Post-Pandemic,2023,FY23 Q1,2023,20231,202301
20230128,1/28/2023,2023,2023,1,Q1 2023,1,January,Jan,4,4,28,7,Saturday,0,0,,Post-Pandemic,2023,FY23 Q1,2023,20231,202301
20230129,1/29/2023,2023,2023,1,Q1 2023,1,January,Jan,4,5,29,1,Sunday,0,0,,Post-Pandemic,2023,FY23 Q1,2023,20231,202301
20230130,1/30/2023,2023,2023,1,Q1 2023,1,January,Jan,5,5,30,2,Monday,1,0,,Post-Pandemic,2023,FY23 Q1,2023,20231,202301
20230131,1/31/2023,2023,2023,1,Q1 2023,1,January,Jan,5,5,31,3,Tuesday,1,0,,Post-Pandemic,2023,FY23 Q1,2023,20231,202301
20230201,2/1/2023,2023,2023,1,Q1 2023,2,February,Feb,5,1,1,4,Wednesday,1,0,,Post-Pandemic,2023,FY23 Q1,2023,20231,202302
20230202,2/2/2023,2023,2023,1,Q1 2023,2,February,Feb,5,1,2,5,Thursday,1,0,,Post-Pandemic,2023,FY23 Q1,2023,20231,202302
20230203,2/3/2023,2023,2023,1,Q1 2023,2,February,Feb,5,1,3,6,Friday,1,0,,Post-Pandemic,2023,FY23 Q1,2023,20231,202302
20230204,2/4/2023,2023,2023,1,Q1 2023,2,February,Feb,5,1,4,7,Saturday,0,0,,Post-Pandemic,2023,FY23 Q1,2023,20231,202302
20230205,2/5/2023,2023,2023,1,Q1 2023,2,February,Feb,5,1,5,1,Sunday,0,0,,Post-Pandemic,2023,FY23 Q1,2023,20231,202302
20230206,2/6/2023,2023,2023,1,Q1 2023,2,February,Feb,6,1,6,2,Monday,1,0,,Post-Pandemic,2023,FY23 Q1,2023,20231,202302
20230207,2/7/2023,2023,2023,1,Q1 2023,2,February,Feb,6,1,7,3,Tuesday,1,0,,Post-Pandemic,2023,FY23 Q1,2023,20231,202302
20230208,2/8/2023,2023,2023,1,Q1 2023,2,February,Feb,6,2,8,4,Wednesday,1,0,,Post-Pandemic,2023,FY23 Q1,2023,20231,202302
20230209,2/9/2023,2023,2023,1,Q1 2023,2,February,Feb,6,2,9,5,Thursday,1,0,,Post-Pandemic,2023,FY23 Q1,2023,20231,202302
20230210,2/10/2023,2023,2023,1,Q1 2023,2,February,Feb,6,2,10,6,Friday,1,0,,Post-Pandemic,2023,FY23 Q1,2023,20231,202302
20230211,2/11/2023,2023,2023,1,Q1 2023,2,February,Feb,6,2,11,7,Saturday,0,0,,Post-Pandemic,2023,FY23 Q1,2023,20231,202302
20230212,2/12/2023,2023,2023,1,Q1 2023,2,February,Feb,6,2,12,1,Sunday,0,0,,Post-Pandemic,2023,FY23 Q1,2023,20231,202302
20230213,2/13/2023,2023,2023,1,Q1 2023,2,February,Feb,7,2,13,2,Monday,1,0,,Post-Pandemic,2023,FY23 Q1,2023,20231,202302
20230214,2/14/2023,2023,2023,1,Q1 2023,2,February,Feb,7,2,14,3,Tuesday,1,0,,Post-Pandemic,2023,FY23 Q1,2023,20231,202302
20230215,2/15/2023,2023,2023,1,Q1 2023,2,February,Feb,7,3,15,4,Wednesday,1,0,,Post-Pandemic,2023,FY23 Q1,2023,20231,202302
20230216,2/16/2023,2023,2023,1,Q1 2023,2,February,Feb,7,3,16,5,Thursday,1,0,,Post-Pandemic,2023,FY23 Q1,2023,20231,202302
20230217,2/17/2023,2023,2023,1,Q1 2023,2,February,Feb,7,3,17,6,Friday,1,0,,Post-Pandemic,2023,FY23 Q1,2023,20231,202302
20230218,2/18/2023,2023,2023,1,Q1 2023,2,February,Feb,7,3,18,7,Saturday,0,0,,Post-Pandemic,2023,FY23 Q1,2023,20231,202302
20230219,2/19/2023,2023,2023,1,Q1 2023,2,February,Feb,7,3,19,1,Sunday,0,0,,Post-Pandemic,2023,FY23 Q1,2023,20231,202302
20230220,2/20/2023,2023,2023,1,Q1 2023,2,February,Feb,8,3,20,2,Monday,1,1,Presidents Day,Post-Pandemic,2023,FY23 Q1,2023,20231,202302
20230221,2/21/2023,2023,2023,1,Q1 2023,2,February,Feb,8,3,21,3,Tuesday,1,0,,Post-Pandemic,2023,FY23 Q1,2023,20231,202302
20230222,2/22/2023,2023,2023,1,Q1 2023,2,February,Feb,8,4,22,4,Wednesday,1,0,,Post-Pandemic,2023,FY23 Q1,2023,20231,202302
20230223,2/23/2023,2023,2023,1,Q1 2023,2,February,Feb,8,4,23,5,Thursday,1,0,,Post-Pandemic,2023,FY23 Q1,2023,20231,202302
20230224,2/24/2023,2023,2023,1,Q1 2023,2,February,Feb,8,4,24,6,Friday,1,0,,Post-Pandemic,2023,FY23 Q1,2023,20231,202302
20230225,2/25/2023,2023,2023,1,Q1 2023,2,February,Feb,8,4,25,7,Saturday,0,0,,Post-Pandemic,2023,FY23 Q1,2023,20231,202302
20230226,2/26/2023,2023,2023,1,Q1 2023,2,February,Feb,8,4,26,1,Sunday,0,0,,Post-Pandemic,2023,FY23 Q1,2023,20231,202302
20230227,2/27/2023,2023,2023,1,Q1 2023,2,February,Feb,9,4,27,2,Monday,1,0,,Post-Pandemic,2023,FY23 Q1,2023,20231,202302
20230228,2/28/2023,2023,2023,1,Q1 2023,2,February,Feb,9,4,28,3,Tuesday,1,0,,Post-Pandemic,2023,FY23 Q1,2023,20231,202302
20230301,3/1/2023,2023,2023,1,Q1 2023,3,March,Mar,9,1,1,4,Wednesday,1,0,,Post-Pandemic,2023,FY23 Q1,2023,20231,202303
20230302,3/2/2023,2023,2023,1,Q1 2023,3,March,Mar,9,1,2,5,Thursday,1,0,,Post-Pandemic,2023,FY23 Q1,2023,20231,202303
20230303,3/3/2023,2023,2023,1,Q1 2023,3,March,Mar,9,1,3,6,Friday,1,0,,Post-Pandemic,2023,FY23 Q1,2023,20231,202303
20230304,3/4/2023,2023,2023,1,Q1 2023,3,March,Mar,9,1,4,7,Saturday,0,0,,Post-Pandemic,2023,FY23 Q1,2023,20231,202303
20230305,3/5/2023,2023,2023,1,Q1 2023,3,March,Mar,9,1,5,1,Sunday,0,0,,Post-Pandemic,2023,FY23 Q1,2023,20231,202303
20230306,3/6/2023,2023,2023,1,Q1 2023,3,March,Mar,10,1,6,2,Monday,1,0,,Post-Pandemic,2023,FY23 Q1,2023,20231,202303
20230307,3/7/2023,2023,2023,1,Q1 2023,3,March,Mar,10,1,7,3,Tuesday,1,0,,Post-Pandemic,2023,FY23 Q1,2023,20231,202303
20230308,3/8/2023,2023,2023,1,Q1 2023,3,March,Mar,10,2,8,4,Wednesday,1,0,,Post-Pandemic,2023,FY23 Q1,2023,20231,202303
20230309,3/9/2023,2023,2023,1,Q1 2023,3,March,Mar,10,2,9,5,Thursday,1,0,,Post-Pandemic,2023,FY23 Q1,2023,20231,202303
20230310,3/10/2023,2023,2023,1,Q1 2023,3,March,Mar,10,2,10,6,Friday,1,0,,Post-Pandemic,2023,FY23 Q1,2023,20231,202303
20230311,3/11/2023,2023,2023,1,Q1 2023,3,March,Mar,10,2,11,7,Saturday,0,0,,Post-Pandemic,2023,FY23 Q1,2023,20231,202303
20230312,3/12/2023,2023,2023,1,Q1 2023,3,March,Mar,10,2,12,1,Sunday,0,0,,Post-Pandemic,2023,FY23 Q1,2023,20231,202303
20230313,3/13/2023,2023,2023,1,Q1 2023,3,March,Mar,11,2,13,2,Monday,1,0,,Post-Pandemic,2023,FY23 Q1,2023,20231,202303
20230314,3/14/2023,2023,2023,1,Q1 2023,3,March,Mar,11,2,14,3,Tuesday,1,0,,Post-Pandemic,2023,FY23 Q1,2023,20231,202303
20230315,3/15/2023,2023,2023,1,Q1 2023,3,March,Mar,11,3,15,4,Wednesday,1,0,,Post-Pandemic,2023,FY23 Q1,2023,20231,202303
20230316,3/16/2023,2023,2023,1,Q1 2023,3,March,Mar,11,3,16,5,Thursday,1,0,,Post-Pandemic,2023,FY23 Q1,2023,20231,202303
20230317,3/17/2023,2023,2023,1,Q1 2023,3,March,Mar,11,3,17,6,Friday,1,0,,Post-Pandemic,2023,FY23 Q1,2023,20231,202303
20230318,3/18/2023,2023,2023,1,Q1 2023,3,March,Mar,11,3,18,7,Saturday,0,0,,Post-Pandemic,2023,FY23 Q1,2023,20231,202303
20230319,3/19/2023,2023,2023,1,Q1 2023,3,March,Mar,11,3,19,1,Sunday,0,0,,Post-Pandemic,2023,FY23 Q1,2023,20231,202303
20230320,3/20/2023,2023,2023,1,Q1 2023,3,March,Mar,12,3,20,2,Monday,1,0,,Post-Pandemic,2023,FY23 Q1,2023,20231,202303
20230321,3/21/2023,2023,2023,1,Q1 2023,3,March,Mar,12,3,21,3,Tuesday,1,0,,Post-Pandemic,2023,FY23 Q1,2023,20231,202303
20230322,3/22/2023,2023,2023,1,Q1 2023,3,March,Mar,12,4,22,4,Wednesday,1,0,,Post-Pandemic,2023,FY23 Q1,2023,20231,202303
20230323,3/23/2023,2023,2023,1,Q1 2023,3,March,Mar,12,4,23,5,Thursday,1,0,,Post-Pandemic,2023,FY23 Q1,2023,20231,202303
20230324,3/24/2023,2023,2023,1,Q1 2023,3,March,Mar,12,4,24,6,Friday,1,0,,Post-Pandemic,2023,FY23 Q1,2023,20231,202303
20230325,3/25/2023,2023,2023,1,Q1 2023,3,March,Mar,12,4,25,7,Saturday,0,0,,Post-Pandemic,2023,FY23 Q1,2023,20231,202303
20230326,3/26/2023,2023,2023,1,Q1 2023,3,March,Mar,12,4,26,1,Sunday,0,0,,Post-Pandemic,2023,FY23 Q1,2023,20231,202303
20230327,3/27/2023,2023,2023,1,Q1 2023,3,March,Mar,13,4,27,2,Monday,1,0,,Post-Pandemic,2023,FY23 Q1,2023,20231,202303
20230328,3/28/2023,2023,2023,1,Q1 2023,3,March,Mar,13,4,28,3,Tuesday,1,0,,Post-Pandemic,2023,FY23 Q1,2023,20231,202303
20230329,3/29/2023,2023,2023,1,Q1 2023,3,March,Mar,13,5,29,4,Wednesday,1,0,,Post-Pandemic,2023,FY23 Q1,2023,20231,202303
20230330,3/30/2023,2023,2023,1,Q1 2023,3,March,Mar,13,5,30,5,Thursday,1,0,,Post-Pandemic,2023,FY23 Q1,2023,20231,202303
20230331,3/31/2023,2023,2023,1,Q1 2023,3,March,Mar,13,5,31,6,Friday,1,0,,Post-Pandemic,2023,FY23 Q1,2023,20231,202303
20230401,4/1/2023,2023,2023,2,Q2 2023,4,April,Apr,13,1,1,7,Saturday,0,0,,Post-Pandemic,2023,FY23 Q2,2023,20232,202304
20230402,4/2/2023,2023,2023,2,Q2 2023,4,April,Apr,13,1,2,1,Sunday,0,0,,Post-Pandemic,2023,FY23 Q2,2023,20232,202304
20230403,4/3/2023,2023,2023,2,Q2 2023,4,April,Apr,14,1,3,2,Monday,1,0,,Post-Pandemic,2023,FY23 Q2,2023,20232,202304
20230404,4/4/2023,2023,2023,2,Q2 2023,4,April,Apr,14,1,4,3,Tuesday,1,0,,Post-Pandemic,2023,FY23 Q2,2023,20232,202304
20230405,4/5/2023,2023,2023,2,Q2 2023,4,April,Apr,14,1,5,4,Wednesday,1,0,,Post-Pandemic,2023,FY23 Q2,2023,20232,202304
20230406,4/6/2023,2023,2023,2,Q2 2023,4,April,Apr,14,1,6,5,Thursday,1,0,,Post-Pandemic,2023,FY23 Q2,2023,20232,202304
20230407,4/7/2023,2023,2023,2,Q2 2023,4,April,Apr,14,1,7,6,Friday,1,0,,Post-Pandemic,2023,FY23 Q2,2023,20232,202304
20230408,4/8/2023,2023,2023,2,Q2 2023,4,April,Apr,14,2,8,7,Saturday,0,0,,Post-Pandemic,2023,FY23 Q2,2023,20232,202304
20230409,4/9/2023,2023,2023,2,Q2 2023,4,April,Apr,14,2,9,1,Sunday,0,0,,Post-Pandemic,2023,FY23 Q2,2023,20232,202304
20230410,4/10/2023,2023,2023,2,Q2 2023,4,April,Apr,15,2,10,2,Monday,1,0,,Post-Pandemic,2023,FY23 Q2,2023,20232,202304
20230411,4/11/2023,2023,2023,2,Q2 2023,4,April,Apr,15,2,11,3,Tuesday,1,0,,Post-Pandemic,2023,FY23 Q2,2023,20232,202304
20230412,4/12/2023,2023,2023,2,Q2 2023,4,April,Apr,15,2,12,4,Wednesday,1,0,,Post-Pandemic,2023,FY23 Q2,2023,20232,202304
20230413,4/13/2023,2023,2023,2,Q2 2023,4,April,Apr,15,2,13,5,Thursday,1,0,,Post-Pandemic,2023,FY23 Q2,2023,20232,202304
20230414,4/14/2023,2023,2023,2,Q2 2023,4,April,Apr,15,2,14,6,Friday,1,0,,Post-Pandemic,2023,FY23 Q2,2023,20232,202304
20230415,4/15/2023,2023,2023,2,Q2 2023,4,April,Apr,15,3,15,7,Saturday,0,0,,Post-Pandemic,2023,FY23 Q2,2023,20232,202304
20230416,4/16/2023,2023,2023,2,Q2 2023,4,April,Apr,15,3,16,1,Sunday,0,0,,Post-Pandemic,2023,FY23 Q2,2023,20232,202304
20230417,4/17/2023,2023,2023,2,Q2 2023,4,April,Apr,16,3,17,2,Monday,1,0,,Post-Pandemic,2023,FY23 Q2,2023,20232,202304
20230418,4/18/2023,2023,2023,2,Q2 2023,4,April,Apr,16,3,18,3,Tuesday,1,0,,Post-Pandemic,2023,FY23 Q2,2023,20232,202304
20230419,4/19/2023,2023,2023,2,Q2 2023,4,April,Apr,16,3,19,4,Wednesday,1,0,,Post-Pandemic,2023,FY23 Q2,2023,20232,202304
20230420,4/20/2023,2023,2023,2,Q2 2023,4,April,Apr,16,3,20,5,Thursday,1,0,,Post-Pandemic,2023,FY23 Q2,2023,20232,202304
20230421,4/21/2023,2023,2023,2,Q2 2023,4,April,Apr,16,3,21,6,Friday,1,0,,Post-Pandemic,2023,FY23 Q2,2023,20232,202304
20230422,4/22/2023,2023,2023,2,Q2 2023,4,April,Apr,16,4,22,7,Saturday,0,0,,Post-Pandemic,2023,FY23 Q2,2023,20232,202304
20230423,4/23/2023,2023,2023,2,Q2 2023,4,April,Apr,16,4,23,1,Sunday,0,0,,Post-Pandemic,2023,FY23 Q2,2023,20232,202304
20230424,4/24/2023,2023,2023,2,Q2 2023,4,April,Apr,17,4,24,2,Monday,1,0,,Post-Pandemic,2023,FY23 Q2,2023,20232,202304
20230425,4/25/2023,2023,2023,2,Q2 2023,4,April,Apr,17,4,25,3,Tuesday,1,0,,Post-Pandemic,2023,FY23 Q2,2023,20232,202304
20230426,4/26/2023,2023,2023,2,Q2 2023,4,April,Apr,17,4,26,4,Wednesday,1,0,,Post-Pandemic,2023,FY23 Q2,2023,20232,202304
20230427,4/27/2023,2023,2023,2,Q2 2023,4,April,Apr,17,4,27,5,Thursday,1,0,,Post-Pandemic,2023,FY23 Q2,2023,20232,202304
20230428,4/28/2023,2023,2023,2,Q2 2023,4,April,Apr,17,4,28,6,Friday,1,0,,Post-Pandemic,2023,FY23 Q2,2023,20232,202304
20230429,4/29/2023,2023,2023,2,Q2 2023,4,April,Apr,17,5,29,7,Saturday,0,0,,Post-Pandemic,2023,FY23 Q2,2023,20232,202304
20230430,4/30/2023,2023,2023,2,Q2 2023,4,April,Apr,17,5,30,1,Sunday,0,0,,Post-Pandemic,2023,FY23 Q2,2023,20232,202304
20230501,5/1/2023,2023,2023,2,Q2 2023,5,May,May,18,1,1,2,Monday,1,0,,Post-Pandemic,2023,FY23 Q2,2023,20232,202305
20230502,5/2/2023,2023,2023,2,Q2 2023,5,May,May,18,1,2,3,Tuesday,1,0,,Post-Pandemic,2023,FY23 Q2,2023,20232,202305
20230503,5/3/2023,2023,2023,2,Q2 2023,5,May,May,18,1,3,4,Wednesday,1,0,,Post-Pandemic,2023,FY23 Q2,2023,20232,202305
20230504,5/4/2023,2023,2023,2,Q2 2023,5,May,May,18,1,4,5,Thursday,1,0,,Post-Pandemic,2023,FY23 Q2,2023,20232,202305
20230505,5/5/2023,2023,2023,2,Q2 2023,5,May,May,18,1,5,6,Friday,1,0,,Post-Pandemic,2023,FY23 Q2,2023,20232,202305
20230506,5/6/2023,2023,2023,2,Q2 2023,5,May,May,18,1,6,7,Saturday,0,0,,Post-Pandemic,2023,FY23 Q2,2023,20232,202305
20230507,5/7/2023,2023,2023,2,Q2 2023,5,May,May,18,1,7,1,Sunday,0,0,,Post-Pandemic,2023,FY23 Q2,2023,20232,202305
20230508,5/8/2023,2023,2023,2,Q2 2023,5,May,May,19,2,8,2,Monday,1,0,,Post-Pandemic,2023,FY23 Q2,2023,20232,202305
20230509,5/9/2023,2023,2023,2,Q2 2023,5,May,May,19,2,9,3,Tuesday,1,0,,Post-Pandemic,2023,FY23 Q2,2023,20232,202305
20230510,5/10/2023,2023,2023,2,Q2 2023,5,May,May,19,2,10,4,Wednesday,1,0,,Post-Pandemic,2023,FY23 Q2,2023,20232,202305
20230511,5/11/2023,2023,2023,2,Q2 2023,5,May,May,19,2,11,5,Thursday,1,0,,Post-Pandemic,2023,FY23 Q2,2023,20232,202305
20230512,5/12/2023,2023,2023,2,Q2 2023,5,May,May,19,2,12,6,Friday,1,0,,Post-Pandemic,2023,FY23 Q2,2023,20232,202305
20230513,5/13/2023,2023,2023,2,Q2 2023,5,May,May,19,2,13,7,Saturday,0,0,,Post-Pandemic,2023,FY23 Q2,2023,20232,202305
20230514,5/14/2023,2023,2023,2,Q2 2023,5,May,May,19,2,14,1,Sunday,0,0,,Post-Pandemic,2023,FY23 Q2,2023,20232,202305
20230515,5/15/2023,2023,2023,2,Q2 2023,5,May,May,20,3,15,2,Monday,1,0,,Post-Pandemic,2023,FY23 Q2,2023,20232,202305
20230516,5/16/2023,2023,2023,2,Q2 2023,5,May,May,20,3,16,3,Tuesday,1,0,,Post-Pandemic,2023,FY23 Q2,2023,20232,202305
20230517,5/17/2023,2023,2023,2,Q2 2023,5,May,May,20,3,17,4,Wednesday,1,0,,Post-Pandemic,2023,FY23 Q2,2023,20232,202305
20230518,5/18/2023,2023,2023,2,Q2 2023,5,May,May,20,3,18,5,Thursday,1,0,,Post-Pandemic,2023,FY23 Q2,2023,20232,202305
20230519,5/19/2023,2023,2023,2,Q2 2023,5,May,May,20,3,19,6,Friday,1,0,,Post-Pandemic,2023,FY23 Q2,2023,20232,202305
20230520,5/20/2023,2023,2023,2,Q2 2023,5,May,May,20,3,20,7,Saturday,0,0,,Post-Pandemic,2023,FY23 Q2,2023,20232,202305
20230521,5/21/2023,2023,2023,2,Q2 2023,5,May,May,20,3,21,1,Sunday,0,0,,Post-Pandemic,2023,FY23 Q2,2023,20232,202305
20230522,5/22/2023,2023,2023,2,Q2 2023,5,May,May,21,4,22,2,Monday,1,0,,Post-Pandemic,2023,FY23 Q2,2023,20232,202305
20230523,5/23/2023,2023,2023,2,Q2 2023,5,May,May,21,4,23,3,Tuesday,1,0,,Post-Pandemic,2023,FY23 Q2,2023,20232,202305
20230524,5/24/2023,2023,2023,2,Q2 2023,5,May,May,21,4,24,4,Wednesday,1,0,,Post-Pandemic,2023,FY23 Q2,2023,20232,202305
20230525,5/25/2023,2023,2023,2,Q2 2023,5,May,May,21,4,25,5,Thursday,1,0,,Post-Pandemic,2023,FY23 Q2,2023,20232,202305
20230526,5/26/2023,2023,2023,2,Q2 2023,5,May,May,21,4,26,6,Friday,1,0,,Post-Pandemic,2023,FY23 Q2,2023,20232,202305
20230527,5/27/2023,2023,2023,2,Q2 2023,5,May,May,21,4,27,7,Saturday,0,0,,Post-Pandemic,2023,FY23 Q2,2023,20232,202305
20230528,5/28/2023,2023,2023,2,Q2 2023,5,May,May,21,4,28,1,Sunday,0,0,,Post-Pandemic,2023,FY23 Q2,2023,20232,202305
20230529,5/29/2023,2023,2023,2,Q2 2023,5,May,May,22,5,29,2,Monday,1,1,Memorial Day,Post-Pandemic,2023,FY23 Q2,2023,20232,202305
20230530,5/30/2023,2023,2023,2,Q2 2023,5,May,May,22,5,30,3,Tuesday,1,0,,Post-Pandemic,2023,FY23 Q2,2023,20232,202305
20230531,5/31/2023,2023,2023,2,Q2 2023,5,May,May,22,5,31,4,Wednesday,1,0,,Post-Pandemic,2023,FY23 Q2,2023,20232,202305
20230601,6/1/2023,2023,2023,2,Q2 2023,6,June,Jun,22,1,1,5,Thursday,1,0,,Post-Pandemic,2023,FY23 Q2,2023,20232,202306
20230602,6/2/2023,2023,2023,2,Q2 2023,6,June,Jun,22,1,2,6,Friday,1,0,,Post-Pandemic,2023,FY23 Q2,2023,20232,202306
20230603,6/3/2023,2023,2023,2,Q2 2023,6,June,Jun,22,1,3,7,Saturday,0,0,,Post-Pandemic,2023,FY23 Q2,2023,20232,202306
20230604,6/4/2023,2023,2023,2,Q2 2023,6,June,Jun,22,1,4,1,Sunday,0,0,,Post-Pandemic,2023,FY23 Q2,2023,20232,202306
20230605,6/5/2023,2023,2023,2,Q2 2023,6,June,Jun,23,1,5,2,Monday,1,0,,Post-Pandemic,2023,FY23 Q2,2023,20232,202306
20230606,6/6/2023,2023,2023,2,Q2 2023,6,June,Jun,23,1,6,3,Tuesday,1,0,,Post-Pandemic,2023,FY23 Q2,2023,20232,202306
20230607,6/7/2023,2023,2023,2,Q2 2023,6,June,Jun,23,1,7,4,Wednesday,1,0,,Post-Pandemic,2023,FY23 Q2,2023,20232,202306
20230608,6/8/2023,2023,2023,2,Q2 2023,6,June,Jun,23,2,8,5,Thursday,1,0,,Post-Pandemic,2023,FY23 Q2,2023,20232,202306
20230609,6/9/2023,2023,2023,2,Q2 2023,6,June,Jun,23,2,9,6,Friday,1,0,,Post-Pandemic,2023,FY23 Q2,2023,20232,202306
20230610,6/10/2023,2023,2023,2,Q2 2023,6,June,Jun,23,2,10,7,Saturday,0,0,,Post-Pandemic,2023,FY23 Q2,2023,20232,202306
20230611,6/11/2023,2023,2023,2,Q2 2023,6,June,Jun,23,2,11,1,Sunday,0,0,,Post-Pandemic,2023,FY23 Q2,2023,20232,202306
20230612,6/12/2023,2023,2023,2,Q2 2023,6,June,Jun,24,2,12,2,Monday,1,0,,Post-Pandemic,2023,FY23 Q2,2023,20232,202306
20230613,6/13/2023,2023,2023,2,Q2 2023,6,June,Jun,24,2,13,3,Tuesday,1,0,,Post-Pandemic,2023,FY23 Q2,2023,20232,202306
20230614,6/14/2023,2023,2023,2,Q2 2023,6,June,Jun,24,2,14,4,Wednesday,1,0,,Post-Pandemic,2023,FY23 Q2,2023,20232,202306
20230615,6/15/2023,2023,2023,2,Q2 2023,6,June,Jun,24,3,15,5,Thursday,1,0,,Post-Pandemic,2023,FY23 Q2,2023,20232,202306
20230616,6/16/2023,2023,2023,2,Q2 2023,6,June,Jun,24,3,16,6,Friday,1,0,,Post-Pandemic,2023,FY23 Q2,2023,20232,202306
20230617,6/17/2023,2023,2023,2,Q2 2023,6,June,Jun,24,3,17,7,Saturday,0,0,,Post-Pandemic,2023,FY23 Q2,2023,20232,202306
20230618,6/18/2023,2023,2023,2,Q2 2023,6,June,Jun,24,3,18,1,Sunday,0,0,,Post-Pandemic,2023,FY23 Q2,2023,20232,202306
20230619,6/19/2023,2023,2023,2,Q2 2023,6,June,Jun,25,3,19,2,Monday,1,0,,Post-Pandemic,2023,FY23 Q2,2023,20232,202306
20230620,6/20/2023,2023,2023,2,Q2 2023,6,June,Jun,25,3,20,3,Tuesday,1,0,,Post-Pandemic,2023,FY23 Q2,2023,20232,202306
20230621,6/21/2023,2023,2023,2,Q2 2023,6,June,Jun,25,3,21,4,Wednesday,1,0,,Post-Pandemic,2023,FY23 Q2,2023,20232,202306
20230622,6/22/2023,2023,2023,2,Q2 2023,6,June,Jun,25,4,22,5,Thursday,1,0,,Post-Pandemic,2023,FY23 Q2,2023,20232,202306
20230623,6/23/2023,2023,2023,2,Q2 2023,6,June,Jun,25,4,23,6,Friday,1,0,,Post-Pandemic,2023,FY23 Q2,2023,20232,202306
20230624,6/24/2023,2023,2023,2,Q2 2023,6,June,Jun,25,4,24,7,Saturday,0,0,,Post-Pandemic,2023,FY23 Q2,2023,20232,202306
20230625,6/25/2023,2023,2023,2,Q2 2023,6,June,Jun,25,4,25,1,Sunday,0,0,,Post-Pandemic,2023,FY23 Q2,2023,20232,202306
20230626,6/26/2023,2023,2023,2,Q2 2023,6,June,Jun,26,4,26,2,Monday,1,0,,Post-Pandemic,2023,FY23 Q2,2023,20232,202306
20230627,6/27/2023,2023,2023,2,Q2 2023,6,June,Jun,26,4,27,3,Tuesday,1,0,,Post-Pandemic,2023,FY23 Q2,2023,20232,202306
20230628,6/28/2023,2023,2023,2,Q2 2023,6,June,Jun,26,4,28,4,Wednesday,1,0,,Post-Pandemic,2023,FY23 Q2,2023,20232,202306
20230629,6/29/2023,2023,2023,2,Q2 2023,6,June,Jun,26,5,29,5,Thursday,1,0,,Post-Pandemic,2023,FY23 Q2,2023,20232,202306
20230630,6/30/2023,2023,2023,2,Q2 2023,6,June,Jun,26,5,30,6,Friday,1,0,,Post-Pandemic,2023,FY23 Q2,2023,20232,202306
20230701,7/1/2023,2023,2023,3,Q3 2023,7,July,Jul,26,1,1,7,Saturday,0,0,,Post-Pandemic,2023,FY23 Q3,2023,20233,202307
20230702,7/2/2023,2023,2023,3,Q3 2023,7,July,Jul,26,1,2,1,Sunday,0,0,,Post-Pandemic,2023,FY23 Q3,2023,20233,202307
20230703,7/3/2023,2023,2023,3,Q3 2023,7,July,Jul,27,1,3,2,Monday,1,0,,Post-Pandemic,2023,FY23 Q3,2023,20233,202307
20230704,7/4/2023,2023,2023,3,Q3 2023,7,July,Jul,27,1,4,3,Tuesday,1,1,Independence Day,Post-Pandemic,2023,FY23 Q3,2023,20233,202307
20230705,7/5/2023,2023,2023,3,Q3 2023,7,July,Jul,27,1,5,4,Wednesday,1,0,,Post-Pandemic,2023,FY23 Q3,2023,20233,202307
20230706,7/6/2023,2023,2023,3,Q3 2023,7,July,Jul,27,1,6,5,Thursday,1,0,,Post-Pandemic,2023,FY23 Q3,2023,20233,202307
20230707,7/7/2023,2023,2023,3,Q3 2023,7,July,Jul,27,1,7,6,Friday,1,0,,Post-Pandemic,2023,FY23 Q3,2023,20233,202307
20230708,7/8/2023,2023,2023,3,Q3 2023,7,July,Jul,27,2,8,7,Saturday,0,0,,Post-Pandemic,2023,FY23 Q3,2023,20233,202307
20230709,7/9/2023,2023,2023,3,Q3 2023,7,July,Jul,27,2,9,1,Sunday,0,0,,Post-Pandemic,2023,FY23 Q3,2023,20233,202307
20230710,7/10/2023,2023,2023,3,Q3 2023,7,July,Jul,28,2,10,2,Monday,1,0,,Post-Pandemic,2023,FY23 Q3,2023,20233,202307
20230711,7/11/2023,2023,2023,3,Q3 2023,7,July,Jul,28,2,11,3,Tuesday,1,0,,Post-Pandemic,2023,FY23 Q3,2023,20233,202307
20230712,7/12/2023,2023,2023,3,Q3 2023,7,July,Jul,28,2,12,4,Wednesday,1,0,,Post-Pandemic,2023,FY23 Q3,2023,20233,202307
20230713,7/13/2023,2023,2023,3,Q3 2023,7,July,Jul,28,2,13,5,Thursday,1,0,,Post-Pandemic,2023,FY23 Q3,2023,20233,202307
20230714,7/14/2023,2023,2023,3,Q3 2023,7,July,Jul,28,2,14,6,Friday,1,0,,Post-Pandemic,2023,FY23 Q3,2023,20233,202307
20230715,7/15/2023,2023,2023,3,Q3 2023,7,July,Jul,28,3,15,7,Saturday,0,0,,Post-Pandemic,2023,FY23 Q3,2023,20233,202307
20230716,7/16/2023,2023,2023,3,Q3 2023,7,July,Jul,28,3,16,1,Sunday,0,0,,Post-Pandemic,2023,FY23 Q3,2023,20233,202307
20230717,7/17/2023,2023,2023,3,Q3 2023,7,July,Jul,29,3,17,2,Monday,1,0,,Post-Pandemic,2023,FY23 Q3,2023,20233,202307
20230718,7/18/2023,2023,2023,3,Q3 2023,7,July,Jul,29,3,18,3,Tuesday,1,0,,Post-Pandemic,2023,FY23 Q3,2023,20233,202307
20230719,7/19/2023,2023,2023,3,Q3 2023,7,July,Jul,29,3,19,4,Wednesday,1,0,,Post-Pandemic,2023,FY23 Q3,2023,20233,202307
20230720,7/20/2023,2023,2023,3,Q3 2023,7,July,Jul,29,3,20,5,Thursday,1,0,,Post-Pandemic,2023,FY23 Q3,2023,20233,202307
20230721,7/21/2023,2023,2023,3,Q3 2023,7,July,Jul,29,3,21,6,Friday,1,0,,Post-Pandemic,2023,FY23 Q3,2023,20233,202307
20230722,7/22/2023,2023,2023,3,Q3 2023,7,July,Jul,29,4,22,7,Saturday,0,0,,Post-Pandemic,2023,FY23 Q3,2023,20233,202307
20230723,7/23/2023,2023,2023,3,Q3 2023,7,July,Jul,29,4,23,1,Sunday,0,0,,Post-Pandemic,2023,FY23 Q3,2023,20233,202307
20230724,7/24/2023,2023,2023,3,Q3 2023,7,July,Jul,30,4,24,2,Monday,1,0,,Post-Pandemic,2023,FY23 Q3,2023,20233,202307
20230725,7/25/2023,2023,2023,3,Q3 2023,7,July,Jul,30,4,25,3,Tuesday,1,0,,Post-Pandemic,2023,FY23 Q3,2023,20233,202307
20230726,7/26/2023,2023,2023,3,Q3 2023,7,July,Jul,30,4,26,4,Wednesday,1,0,,Post-Pandemic,2023,FY23 Q3,2023,20233,202307
20230727,7/27/2023,2023,2023,3,Q3 2023,7,July,Jul,30,4,27,5,Thursday,1,0,,Post-Pandemic,2023,FY23 Q3,2023,20233,202307
20230728,7/28/2023,2023,2023,3,Q3 2023,7,July,Jul,30,4,28,6,Friday,1,0,,Post-Pandemic,2023,FY23 Q3,2023,20233,202307
20230729,7/29/2023,2023,2023,3,Q3 2023,7,July,Jul,30,5,29,7,Saturday,0,0,,Post-Pandemic,2023,FY23 Q3,2023,20233,202307
20230730,7/30/2023,2023,2023,3,Q3 2023,7,July,Jul,30,5,30,1,Sunday,0,0,,Post-Pandemic,2023,FY23 Q3,2023,20233,202307
20230731,7/31/2023,2023,2023,3,Q3 2023,7,July,Jul,31,5,31,2,Monday,1,0,,Post-Pandemic,2023,FY23 Q3,2023,20233,202307
20230801,8/1/2023,2023,2023,3,Q3 2023,8,August,Aug,31,1,1,3,Tuesday,1,0,,Post-Pandemic,2023,FY23 Q3,2023,20233,202308
20230802,8/2/2023,2023,2023,3,Q3 2023,8,August,Aug,31,1,2,4,Wednesday,1,0,,Post-Pandemic,2023,FY23 Q3,2023,20233,202308
20230803,8/3/2023,2023,2023,3,Q3 2023,8,August,Aug,31,1,3,5,Thursday,1,0,,Post-Pandemic,2023,FY23 Q3,2023,20233,202308
20230804,8/4/2023,2023,2023,3,Q3 2023,8,August,Aug,31,1,4,6,Friday,1,0,,Post-Pandemic,2023,FY23 Q3,2023,20233,202308
20230805,8/5/2023,2023,2023,3,Q3 2023,8,August,Aug,31,1,5,7,Saturday,0,0,,Post-Pandemic,2023,FY23 Q3,2023,20233,202308
20230806,8/6/2023,2023,2023,3,Q3 2023,8,August,Aug,31,1,6,1,Sunday,0,0,,Post-Pandemic,2023,FY23 Q3,2023,20233,202308
20230807,8/7/2023,2023,2023,3,Q3 2023,8,August,Aug,32,1,7,2,Monday,1,0,,Post-Pandemic,2023,FY23 Q3,2023,20233,202308
20230808,8/8/2023,2023,2023,3,Q3 2023,8,August,Aug,32,2,8,3,Tuesday,1,0,,Post-Pandemic,2023,FY23 Q3,2023,20233,202308
20230809,8/9/2023,2023,2023,3,Q3 2023,8,August,Aug,32,2,9,4,Wednesday,1,0,,Post-Pandemic,2023,FY23 Q3,2023,20233,202308
20230810,8/10/2023,2023,2023,3,Q3 2023,8,August,Aug,32,2,10,5,Thursday,1,0,,Post-Pandemic,2023,FY23 Q3,2023,20233,202308
20230811,8/11/2023,2023,2023,3,Q3 2023,8,August,Aug,32,2,11,6,Friday,1,0,,Post-Pandemic,2023,FY23 Q3,2023,20233,202308
20230812,8/12/2023,2023,2023,3,Q3 2023,8,August,Aug,32,2,12,7,Saturday,0,0,,Post-Pandemic,2023,FY23 Q3,2023,20233,202308
20230813,8/13/2023,2023,2023,3,Q3 2023,8,August,Aug,32,2,13,1,Sunday,0,0,,Post-Pandemic,2023,FY23 Q3,2023,20233,202308
20230814,8/14/2023,2023,2023,3,Q3 2023,8,August,Aug,33,2,14,2,Monday,1,0,,Post-Pandemic,2023,FY23 Q3,2023,20233,202308
20230815,8/15/2023,2023,2023,3,Q3 2023,8,August,Aug,33,3,15,3,Tuesday,1,0,,Post-Pandemic,2023,FY23 Q3,2023,20233,202308
20230816,8/16/2023,2023,2023,3,Q3 2023,8,August,Aug,33,3,16,4,Wednesday,1,0,,Post-Pandemic,2023,FY23 Q3,2023,20233,202308
20230817,8/17/2023,2023,2023,3,Q3 2023,8,August,Aug,33,3,17,5,Thursday,1,0,,Post-Pandemic,2023,FY23 Q3,2023,20233,202308
20230818,8/18/2023,2023,2023,3,Q3 2023,8,August,Aug,33,3,18,6,Friday,1,0,,Post-Pandemic,2023,FY23 Q3,2023,20233,202308
20230819,8/19/2023,2023,2023,3,Q3 2023,8,August,Aug,33,3,19,7,Saturday,0,0,,Post-Pandemic,2023,FY23 Q3,2023,20233,202308
20230820,8/20/2023,2023,2023,3,Q3 2023,8,August,Aug,33,3,20,1,Sunday,0,0,,Post-Pandemic,2023,FY23 Q3,2023,20233,202308
20230821,8/21/2023,2023,2023,3,Q3 2023,8,August,Aug,34,3,21,2,Monday,1,0,,Post-Pandemic,2023,FY23 Q3,2023,20233,202308
20230822,8/22/2023,2023,2023,3,Q3 2023,8,August,Aug,34,4,22,3,Tuesday,1,0,,Post-Pandemic,2023,FY23 Q3,2023,20233,202308
20230823,8/23/2023,2023,2023,3,Q3 2023,8,August,Aug,34,4,23,4,Wednesday,1,0,,Post-Pandemic,2023,FY23 Q3,2023,20233,202308
20230824,8/24/2023,2023,2023,3,Q3 2023,8,August,Aug,34,4,24,5,Thursday,1,0,,Post-Pandemic,2023,FY23 Q3,2023,20233,202308
20230825,8/25/2023,2023,2023,3,Q3 2023,8,August,Aug,34,4,25,6,Friday,1,0,,Post-Pandemic,2023,FY23 Q3,2023,20233,202308
20230826,8/26/2023,2023,2023,3,Q3 2023,8,August,Aug,34,4,26,7,Saturday,0,0,,Post-Pandemic,2023,FY23 Q3,2023,20233,202308
20230827,8/27/2023,2023,2023,3,Q3 2023,8,August,Aug,34,4,27,1,Sunday,0,0,,Post-Pandemic,2023,FY23 Q3,2023,20233,202308
20230828,8/28/2023,2023,2023,3,Q3 2023,8,August,Aug,35,4,28,2,Monday,1,0,,Post-Pandemic,2023,FY23 Q3,2023,20233,202308
20230829,8/29/2023,2023,2023,3,Q3 2023,8,August,Aug,35,5,29,3,Tuesday,1,0,,Post-Pandemic,2023,FY23 Q3,2023,20233,202308
20230830,8/30/2023,2023,2023,3,Q3 2023,8,August,Aug,35,5,30,4,Wednesday,1,0,,Post-Pandemic,2023,FY23 Q3,2023,20233,202308
20230831,8/31/2023,2023,2023,3,Q3 2023,8,August,Aug,35,5,31,5,Thursday,1,0,,Post-Pandemic,2023,FY23 Q3,2023,20233,202308
20230901,9/1/2023,2023,2023,3,Q3 2023,9,September,Sep,35,1,1,6,Friday,1,0,,Post-Pandemic,2023,FY23 Q3,2023,20233,202309
20230902,9/2/2023,2023,2023,3,Q3 2023,9,September,Sep,35,1,2,7,Saturday,0,0,,Post-Pandemic,2023,FY23 Q3,2023,20233,202309
20230903,9/3/2023,2023,2023,3,Q3 2023,9,September,Sep,35,1,3,1,Sunday,0,0,,Post-Pandemic,2023,FY23 Q3,2023,20233,202309
20230904,9/4/2023,2023,2023,3,Q3 2023,9,September,Sep,36,1,4,2,Monday,1,1,Labor Day,Post-Pandemic,2023,FY23 Q3,2023,20233,202309
20230905,9/5/2023,2023,2023,3,Q3 2023,9,September,Sep,36,1,5,3,Tuesday,1,0,,Post-Pandemic,2023,FY23 Q3,2023,20233,202309
20230906,9/6/2023,2023,2023,3,Q3 2023,9,September,Sep,36,1,6,4,Wednesday,1,0,,Post-Pandemic,2023,FY23 Q3,2023,20233,202309
20230907,9/7/2023,2023,2023,3,Q3 2023,9,September,Sep,36,1,7,5,Thursday,1,0,,Post-Pandemic,2023,FY23 Q3,2023,20233,202309
20230908,9/8/2023,2023,2023,3,Q3 2023,9,September,Sep,36,2,8,6,Friday,1,0,,Post-Pandemic,2023,FY23 Q3,2023,20233,202309
20230909,9/9/2023,2023,2023,3,Q3 2023,9,September,Sep,36,2,9,7,Saturday,0,0,,Post-Pandemic,2023,FY23 Q3,2023,20233,202309
20230910,9/10/2023,2023,2023,3,Q3 2023,9,September,Sep,36,2,10,1,Sunday,0,0,,Post-Pandemic,2023,FY23 Q3,2023,20233,202309
20230911,9/11/2023,2023,2023,3,Q3 2023,9,September,Sep,37,2,11,2,Monday,1,0,,Post-Pandemic,2023,FY23 Q3,2023,20233,202309
20230912,9/12/2023,2023,2023,3,Q3 2023,9,September,Sep,37,2,12,3,Tuesday,1,0,,Post-Pandemic,2023,FY23 Q3,2023,20233,202309
20230913,9/13/2023,2023,2023,3,Q3 2023,9,September,Sep,37,2,13,4,Wednesday,1,0,,Post-Pandemic,2023,FY23 Q3,2023,20233,202309
20230914,9/14/2023,2023,2023,3,Q3 2023,9,September,Sep,37,2,14,5,Thursday,1,0,,Post-Pandemic,2023,FY23 Q3,2023,20233,202309
20230915,9/15/2023,2023,2023,3,Q3 2023,9,September,Sep,37,3,15,6,Friday,1,0,,Post-Pandemic,2023,FY23 Q3,2023,20233,202309
20230916,9/16/2023,2023,2023,3,Q3 2023,9,September,Sep,37,3,16,7,Saturday,0,0,,Post-Pandemic,2023,FY23 Q3,2023,20233,202309
20230917,9/17/2023,2023,2023,3,Q3 2023,9,September,Sep,37,3,17,1,Sunday,0,0,,Post-Pandemic,2023,FY23 Q3,2023,20233,202309
20230918,9/18/2023,2023,2023,3,Q3 2023,9,September,Sep,38,3,18,2,Monday,1,0,,Post-Pandemic,2023,FY23 Q3,2023,20233,202309
20230919,9/19/2023,2023,2023,3,Q3 2023,9,September,Sep,38,3,19,3,Tuesday,1,0,,Post-Pandemic,2023,FY23 Q3,2023,20233,202309
20230920,9/20/2023,2023,2023,3,Q3 2023,9,September,Sep,38,3,20,4,Wednesday,1,0,,Post-Pandemic,2023,FY23 Q3,2023,20233,202309
20230921,9/21/2023,2023,2023,3,Q3 2023,9,September,Sep,38,3,21,5,Thursday,1,0,,Post-Pandemic,2023,FY23 Q3,2023,20233,202309
20230922,9/22/2023,2023,2023,3,Q3 2023,9,September,Sep,38,4,22,6,Friday,1,0,,Post-Pandemic,2023,FY23 Q3,2023,20233,202309
20230923,9/23/2023,2023,2023,3,Q3 2023,9,September,Sep,38,4,23,7,Saturday,0,0,,Post-Pandemic,2023,FY23 Q3,2023,20233,202309
20230924,9/24/2023,2023,2023,3,Q3 2023,9,September,Sep,38,4,24,1,Sunday,0,0,,Post-Pandemic,2023,FY23 Q3,2023,20233,202309
20230925,9/25/2023,2023,2023,3,Q3 2023,9,September,Sep,39,4,25,2,Monday,1,0,,Post-Pandemic,2023,FY23 Q3,2023,20233,202309
20230926,9/26/2023,2023,2023,3,Q3 2023,9,September,Sep,39,4,26,3,Tuesday,1,0,,Post-Pandemic,2023,FY23 Q3,2023,20233,202309
20230927,9/27/2023,2023,2023,3,Q3 2023,9,September,Sep,39,4,27,4,Wednesday,1,0,,Post-Pandemic,2023,FY23 Q3,2023,20233,202309
20230928,9/28/2023,2023,2023,3,Q3 2023,9,September,Sep,39,4,28,5,Thursday,1,0,,Post-Pandemic,2023,FY23 Q3,2023,20233,202309
20230929,9/29/2023,2023,2023,3,Q3 2023,9,September,Sep,39,5,29,6,Friday,1,0,,Post-Pandemic,2023,FY23 Q3,2023,20233,202309
20230930,9/30/2023,2023,2023,3,Q3 2023,9,September,Sep,39,5,30,7,Saturday,0,0,,Post-Pandemic,2023,FY23 Q3,2023,20233,202309
20231001,10/1/2023,2023,2023,4,Q4 2023,10,October,Oct,39,1,1,1,Sunday,0,0,,Post-Pandemic,2023,FY23 Q4,2023,20234,202310
20231002,10/2/2023,2023,2023,4,Q4 2023,10,October,Oct,40,1,2,2,Monday,1,0,,Post-Pandemic,2023,FY23 Q4,2023,20234,202310
20231003,10/3/2023,2023,2023,4,Q4 2023,10,October,Oct,40,1,3,3,Tuesday,1,0,,Post-Pandemic,2023,FY23 Q4,2023,20234,202310
20231004,10/4/2023,2023,2023,4,Q4 2023,10,October,Oct,40,1,4,4,Wednesday,1,0,,Post-Pandemic,2023,FY23 Q4,2023,20234,202310
20231005,10/5/2023,2023,2023,4,Q4 2023,10,October,Oct,40,1,5,5,Thursday,1,0,,Post-Pandemic,2023,FY23 Q4,2023,20234,202310
20231006,10/6/2023,2023,2023,4,Q4 2023,10,October,Oct,40,1,6,6,Friday,1,0,,Post-Pandemic,2023,FY23 Q4,2023,20234,202310
20231007,10/7/2023,2023,2023,4,Q4 2023,10,October,Oct,40,1,7,7,Saturday,0,0,,Post-Pandemic,2023,FY23 Q4,2023,20234,202310
20231008,10/8/2023,2023,2023,4,Q4 2023,10,October,Oct,40,2,8,1,Sunday,0,0,,Post-Pandemic,2023,FY23 Q4,2023,20234,202310
20231009,10/9/2023,2023,2023,4,Q4 2023,10,October,Oct,41,2,9,2,Monday,1,0,,Post-Pandemic,2023,FY23 Q4,2023,20234,202310
20231010,10/10/2023,2023,2023,4,Q4 2023,10,October,Oct,41,2,10,3,Tuesday,1,0,,Post-Pandemic,2023,FY23 Q4,2023,20234,202310
20231011,10/11/2023,2023,2023,4,Q4 2023,10,October,Oct,41,2,11,4,Wednesday,1,0,,Post-Pandemic,2023,FY23 Q4,2023,20234,202310
20231012,10/12/2023,2023,2023,4,Q4 2023,10,October,Oct,41,2,12,5,Thursday,1,0,,Post-Pandemic,2023,FY23 Q4,2023,20234,202310
20231013,10/13/2023,2023,2023,4,Q4 2023,10,October,Oct,41,2,13,6,Friday,1,0,,Post-Pandemic,2023,FY23 Q4,2023,20234,202310
20231014,10/14/2023,2023,2023,4,Q4 2023,10,October,Oct,41,2,14,7,Saturday,0,0,,Post-Pandemic,2023,FY23 Q4,2023,20234,202310
20231015,10/15/2023,2023,2023,4,Q4 2023,10,October,Oct,41,3,15,1,Sunday,0,0,,Post-Pandemic,2023,FY23 Q4,2023,20234,202310
20231016,10/16/2023,2023,2023,4,Q4 2023,10,October,Oct,42,3,16,2,Monday,1,0,,Post-Pandemic,2023,FY23 Q4,2023,20234,202310
20231017,10/17/2023,2023,2023,4,Q4 2023,10,October,Oct,42,3,17,3,Tuesday,1,0,,Post-Pandemic,2023,FY23 Q4,2023,20234,202310
20231018,10/18/2023,2023,2023,4,Q4 2023,10,October,Oct,42,3,18,4,Wednesday,1,0,,Post-Pandemic,2023,FY23 Q4,2023,20234,202310
20231019,10/19/2023,2023,2023,4,Q4 2023,10,October,Oct,42,3,19,5,Thursday,1,0,,Post-Pandemic,2023,FY23 Q4,2023,20234,202310
20231020,10/20/2023,2023,2023,4,Q4 2023,10,October,Oct,42,3,20,6,Friday,1,0,,Post-Pandemic,2023,FY23 Q4,2023,20234,202310
20231021,10/21/2023,2023,2023,4,Q4 2023,10,October,Oct,42,3,21,7,Saturday,0,0,,Post-Pandemic,2023,FY23 Q4,2023,20234,202310
20231022,10/22/2023,2023,2023,4,Q4 2023,10,October,Oct,42,4,22,1,Sunday,0,0,,Post-Pandemic,2023,FY23 Q4,2023,20234,202310
20231023,10/23/2023,2023,2023,4,Q4 2023,10,October,Oct,43,4,23,2,Monday,1,0,,Post-Pandemic,2023,FY23 Q4,2023,20234,202310
20231024,10/24/2023,2023,2023,4,Q4 2023,10,October,Oct,43,4,24,3,Tuesday,1,0,,Post-Pandemic,2023,FY23 Q4,2023,20234,202310
20231025,10/25/2023,2023,2023,4,Q4 2023,10,October,Oct,43,4,25,4,Wednesday,1,0,,Post-Pandemic,2023,FY23 Q4,2023,20234,202310
20231026,10/26/2023,2023,2023,4,Q4 2023,10,October,Oct,43,4,26,5,Thursday,1,0,,Post-Pandemic,2023,FY23 Q4,2023,20234,202310
20231027,10/27/2023,2023,2023,4,Q4 2023,10,October,Oct,43,4,27,6,Friday,1,0,,Post-Pandemic,2023,FY23 Q4,2023,20234,202310
20231028,10/28/2023,2023,2023,4,Q4 2023,10,October,Oct,43,4,28,7,Saturday,0,0,,Post-Pandemic,2023,FY23 Q4,2023,20234,202310
20231029,10/29/2023,2023,2023,4,Q4 2023,10,October,Oct,43,5,29,1,Sunday,0,0,,Post-Pandemic,2023,FY23 Q4,2023,20234,202310
20231030,10/30/2023,2023,2023,4,Q4 2023,10,October,Oct,44,5,30,2,Monday,1,0,,Post-Pandemic,2023,FY23 Q4,2023,20234,202310
20231031,10/31/2023,2023,2023,4,Q4 2023,10,October,Oct,44,5,31,3,Tuesday,1,0,,Post-Pandemic,2023,FY23 Q4,2023,20234,202310
20231101,11/1/2023,2023,2023,4,Q4 2023,11,November,Nov,44,1,1,4,Wednesday,1,0,,Post-Pandemic,2023,FY23 Q4,2023,20234,202311
20231102,11/2/2023,2023,2023,4,Q4 2023,11,November,Nov,44,1,2,5,Thursday,1,0,,Post-Pandemic,2023,FY23 Q4,2023,20234,202311
20231103,11/3/2023,2023,2023,4,Q4 2023,11,November,Nov,44,1,3,6,Friday,1,0,,Post-Pandemic,2023,FY23 Q4,2023,20234,202311
20231104,11/4/2023,2023,2023,4,Q4 2023,11,November,Nov,44,1,4,7,Saturday,0,0,,Post-Pandemic,2023,FY23 Q4,2023,20234,202311
20231105,11/5/2023,2023,2023,4,Q4 2023,11,November,Nov,44,1,5,1,Sunday,0,0,,Post-Pandemic,2023,FY23 Q4,2023,20234,202311
20231106,11/6/2023,2023,2023,4,Q4 2023,11,November,Nov,45,1,6,2,Monday,1,0,,Post-Pandemic,2023,FY23 Q4,2023,20234,202311
20231107,11/7/2023,2023,2023,4,Q4 2023,11,November,Nov,45,1,7,3,Tuesday,1,0,,Post-Pandemic,2023,FY23 Q4,2023,20234,202311
20231108,11/8/2023,2023,2023,4,Q4 2023,11,November,Nov,45,2,8,4,Wednesday,1,0,,Post-Pandemic,2023,FY23 Q4,2023,20234,202311
20231109,11/9/2023,2023,2023,4,Q4 2023,11,November,Nov,45,2,9,5,Thursday,1,0,,Post-Pandemic,2023,FY23 Q4,2023,20234,202311
20231110,11/10/2023,2023,2023,4,Q4 2023,11,November,Nov,45,2,10,6,Friday,1,0,,Post-Pandemic,2023,FY23 Q4,2023,20234,202311
20231111,11/11/2023,2023,2023,4,Q4 2023,11,November,Nov,45,2,11,7,Saturday,0,0,,Post-Pandemic,2023,FY23 Q4,2023,20234,202311
20231112,11/12/2023,2023,2023,4,Q4 2023,11,November,Nov,45,2,12,1,Sunday,0,0,,Post-Pandemic,2023,FY23 Q4,2023,20234,202311
20231113,11/13/2023,2023,2023,4,Q4 2023,11,November,Nov,46,2,13,2,Monday,1,0,,Post-Pandemic,2023,FY23 Q4,2023,20234,202311
20231114,11/14/2023,2023,2023,4,Q4 2023,11,November,Nov,46,2,14,3,Tuesday,1,0,,Post-Pandemic,2023,FY23 Q4,2023,20234,202311
20231115,11/15/2023,2023,2023,4,Q4 2023,11,November,Nov,46,3,15,4,Wednesday,1,0,,Post-Pandemic,2023,FY23 Q4,2023,20234,202311
20231116,11/16/2023,2023,2023,4,Q4 2023,11,November,Nov,46,3,16,5,Thursday,1,0,,Post-Pandemic,2023,FY23 Q4,2023,20234,202311
20231117,11/17/2023,2023,2023,4,Q4 2023,11,November,Nov,46,3,17,6,Friday,1,0,,Post-Pandemic,2023,FY23 Q4,2023,20234,202311
20231118,11/18/2023,2023,2023,4,Q4 2023,11,November,Nov,46,3,18,7,Saturday,0,0,,Post-Pandemic,2023,FY23 Q4,2023,20234,202311
20231119,11/19/2023,2023,2023,4,Q4 2023,11,November,Nov,46,3,19,1,Sunday,0,0,,Post-Pandemic,2023,FY23 Q4,2023,20234,202311
20231120,11/20/2023,2023,2023,4,Q4 2023,11,November,Nov,47,3,20,2,Monday,1,0,,Post-Pandemic,2023,FY23 Q4,2023,20234,202311
20231121,11/21/2023,2023,2023,4,Q4 2023,11,November,Nov,47,3,21,3,Tuesday,1,0,,Post-Pandemic,2023,FY23 Q4,2023,20234,202311
20231122,11/22/2023,2023,2023,4,Q4 2023,11,November,Nov,47,4,22,4,Wednesday,1,0,,Post-Pandemic,2023,FY23 Q4,2023,20234,202311
20231123,11/23/2023,2023,2023,4,Q4 2023,11,November,Nov,47,4,23,5,Thursday,1,1,Thanksgiving Day,Post-Pandemic,2023,FY23 Q4,2023,20234,202311
20231124,11/24/2023,2023,2023,4,Q4 2023,11,November,Nov,47,4,24,6,Friday,1,0,,Post-Pandemic,2023,FY23 Q4,2023,20234,202311
20231125,11/25/2023,2023,2023,4,Q4 2023,11,November,Nov,47,4,25,7,Saturday,0,0,,Post-Pandemic,2023,FY23 Q4,2023,20234,202311
20231126,11/26/2023,2023,2023,4,Q4 2023,11,November,Nov,47,4,26,1,Sunday,0,0,,Post-Pandemic,2023,FY23 Q4,2023,20234,202311
20231127,11/27/2023,2023,2023,4,Q4 2023,11,November,Nov,48,4,27,2,Monday,1,0,,Post-Pandemic,2023,FY23 Q4,2023,20234,202311
20231128,11/28/2023,2023,2023,4,Q4 2023,11,November,Nov,48,4,28,3,Tuesday,1,0,,Post-Pandemic,2023,FY23 Q4,2023,20234,202311
20231129,11/29/2023,2023,2023,4,Q4 2023,11,November,Nov,48,5,29,4,Wednesday,1,0,,Post-Pandemic,2023,FY23 Q4,2023,20234,202311
20231130,11/30/2023,2023,2023,4,Q4 2023,11,November,Nov,48,5,30,5,Thursday,1,0,,Post-Pandemic,2023,FY23 Q4,2023,20234,202311
20231201,12/1/2023,2023,2023,4,Q4 2023,12,December,Dec,48,1,1,6,Friday,1,0,,Post-Pandemic,2023,FY23 Q4,2023,20234,202312
20231202,12/2/2023,2023,2023,4,Q4 2023,12,December,Dec,48,1,2,7,Saturday,0,0,,Post-Pandemic,2023,FY23 Q4,2023,20234,202312
20231203,12/3/2023,2023,2023,4,Q4 2023,12,December,Dec,48,1,3,1,Sunday,0,0,,Post-Pandemic,2023,FY23 Q4,2023,20234,202312
20231204,12/4/2023,2023,2023,4,Q4 2023,12,December,Dec,49,1,4,2,Monday,1,0,,Post-Pandemic,2023,FY23 Q4,2023,20234,202312
20231205,12/5/2023,2023,2023,4,Q4 2023,12,December,Dec,49,1,5,3,Tuesday,1,0,,Post-Pandemic,2023,FY23 Q4,2023,20234,202312
20231206,12/6/2023,2023,2023,4,Q4 2023,12,December,Dec,49,1,6,4,Wednesday,1,0,,Post-Pandemic,2023,FY23 Q4,2023,20234,202312
20231207,12/7/2023,2023,2023,4,Q4 2023,12,December,Dec,49,1,7,5,Thursday,1,0,,Post-Pandemic,2023,FY23 Q4,2023,20234,202312
20231208,12/8/2023,2023,2023,4,Q4 2023,12,December,Dec,49,2,8,6,Friday,1,0,,Post-Pandemic,2023,FY23 Q4,2023,20234,202312
20231209,12/9/2023,2023,2023,4,Q4 2023,12,December,Dec,49,2,9,7,Saturday,0,0,,Post-Pandemic,2023,FY23 Q4,2023,20234,202312
20231210,12/10/2023,2023,2023,4,Q4 2023,12,December,Dec,49,2,10,1,Sunday,0,0,,Post-Pandemic,2023,FY23 Q4,2023,20234,202312
20231211,12/11/2023,2023,2023,4,Q4 2023,12,December,Dec,50,2,11,2,Monday,1,0,,Post-Pandemic,2023,FY23 Q4,2023,20234,202312
20231212,12/12/2023,2023,2023,4,Q4 2023,12,December,Dec,50,2,12,3,Tuesday,1,0,,Post-Pandemic,2023,FY23 Q4,2023,20234,202312
20231213,12/13/2023,2023,2023,4,Q4 2023,12,December,Dec,50,2,13,4,Wednesday,1,0,,Post-Pandemic,2023,FY23 Q4,2023,20234,202312
20231214,12/14/2023,2023,2023,4,Q4 2023,12,December,Dec,50,2,14,5,Thursday,1,0,,Post-Pandemic,2023,FY23 Q4,2023,20234,202312
20231215,12/15/2023,2023,2023,4,Q4 2023,12,December,Dec,50,3,15,6,Friday,1,0,,Post-Pandemic,2023,FY23 Q4,2023,20234,202312
20231216,12/16/2023,2023,2023,4,Q4 2023,12,December,Dec,50,3,16,7,Saturday,0,0,,Post-Pandemic,2023,FY23 Q4,2023,20234,202312
20231217,12/17/2023,2023,2023,4,Q4 2023,12,December,Dec,50,3,17,1,Sunday,0,0,,Post-Pandemic,2023,FY23 Q4,2023,20234,202312
20231218,12/18/2023,2023,2023,4,Q4 2023,12,December,Dec,51,3,18,2,Monday,1,0,,Post-Pandemic,2023,FY23 Q4,2023,20234,202312
20231219,12/19/2023,2023,2023,4,Q4 2023,12,December,Dec,51,3,19,3,Tuesday,1,0,,Post-Pandemic,2023,FY23 Q4,2023,20234,202312
20231220,12/20/2023,2023,2023,4,Q4 2023,12,December,Dec,51,3,20,4,Wednesday,1,0,,Post-Pandemic,2023,FY23 Q4,2023,20234,202312
20231221,12/21/2023,2023,2023,4,Q4 2023,12,December,Dec,51,3,21,5,Thursday,1,0,,Post-Pandemic,2023,FY23 Q4,2023,20234,202312
20231222,12/22/2023,2023,2023,4,Q4 2023,12,December,Dec,51,4,22,6,Friday,1,0,,Post-Pandemic,2023,FY23 Q4,2023,20234,202312
20231223,12/23/2023,2023,2023,4,Q4 2023,12,December,Dec,51,4,23,7,Saturday,0,0,,Post-Pandemic,2023,FY23 Q4,2023,20234,202312
20231224,12/24/2023,2023,2023,4,Q4 2023,12,December,Dec,51,4,24,1,Sunday,0,0,,Post-Pandemic,2023,FY23 Q4,2023,20234,202312
20231225,12/25/2023,2023,2023,4,Q4 2023,12,December,Dec,52,4,25,2,Monday,1,1,Christmas Day,Post-Pandemic,2023,FY23 Q4,2023,20234,202312
20231226,12/26/2023,2023,2023,4,Q4 2023,12,December,Dec,52,4,26,3,Tuesday,1,0,,Post-Pandemic,2023,FY23 Q4,2023,20234,202312
20231227,12/27/2023,2023,2023,4,Q4 2023,12,December,Dec,52,4,27,4,Wednesday,1,0,,Post-Pandemic,2023,FY23 Q4,2023,20234,202312
20231228,12/28/2023,2023,2023,4,Q4 2023,12,December,Dec,52,4,28,5,Thursday,1,0,,Post-Pandemic,2023,FY23 Q4,2023,20234,202312
20231229,12/29/2023,2023,2023,4,Q4 2023,12,December,Dec,52,5,29,6,Friday,1,0,,Post-Pandemic,2023,FY23 Q4,2023,20234,202312
20231230,12/30/2023,2023,2023,4,Q4 2023,12,December,Dec,52,5,30,7,Saturday,0,0,,Post-Pandemic,2023,FY23 Q4,2023,20234,202312
20231231,12/31/2023,2023,2023,4,Q4 2023,12,December,Dec,52,5,31,1,Sunday,0,0,,Post-Pandemic,2023,FY23 Q4,2023,20234,202312
20240101,1/1/2024,2024,2024,1,Q1 2024,1,January,Jan,1,1,1,2,Monday,1,1,New Year's Day,Current Period,2024,FY24 Q1,2024,20241,202401
20240102,1/2/2024,2024,2024,1,Q1 2024,1,January,Jan,1,1,2,3,Tuesday,1,0,,Current Period,2024,FY24 Q1,2024,20241,202401
20240103,1/3/2024,2024,2024,1,Q1 2024,1,January,Jan,1,1,3,4,Wednesday,1,0,,Current Period,2024,FY24 Q1,2024,20241,202401
20240104,1/4/2024,2024,2024,1,Q1 2024,1,January,Jan,1,1,4,5,Thursday,1,0,,Current Period,2024,FY24 Q1,2024,20241,202401
20240105,1/5/2024,2024,2024,1,Q1 2024,1,January,Jan,1,1,5,6,Friday,1,0,,Current Period,2024,FY24 Q1,2024,20241,202401
20240106,1/6/2024,2024,2024,1,Q1 2024,1,January,Jan,1,1,6,7,Saturday,0,0,,Current Period,2024,FY24 Q1,2024,20241,202401
20240107,1/7/2024,2024,2024,1,Q1 2024,1,January,Jan,1,1,7,1,Sunday,0,0,,Current Period,2024,FY24 Q1,2024,20241,202401
20240108,1/8/2024,2024,2024,1,Q1 2024,1,January,Jan,2,2,8,2,Monday,1,0,,Current Period,2024,FY24 Q1,2024,20241,202401
20240109,1/9/2024,2024,2024,1,Q1 2024,1,January,Jan,2,2,9,3,Tuesday,1,0,,Current Period,2024,FY24 Q1,2024,20241,202401
20240110,1/10/2024,2024,2024,1,Q1 2024,1,January,Jan,2,2,10,4,Wednesday,1,0,,Current Period,2024,FY24 Q1,2024,20241,202401
20240111,1/11/2024,2024,2024,1,Q1 2024,1,January,Jan,2,2,11,5,Thursday,1,0,,Current Period,2024,FY24 Q1,2024,20241,202401
20240112,1/12/2024,2024,2024,1,Q1 2024,1,January,Jan,2,2,12,6,Friday,1,0,,Current Period,2024,FY24 Q1,2024,20241,202401
20240113,1/13/2024,2024,2024,1,Q1 2024,1,January,Jan,2,2,13,7,Saturday,0,0,,Current Period,2024,FY24 Q1,2024,20241,202401
20240114,1/14/2024,2024,2024,1,Q1 2024,1,January,Jan,2,2,14,1,Sunday,0,0,,Current Period,2024,FY24 Q1,2024,20241,202401
20240115,1/15/2024,2024,2024,1,Q1 2024,1,January,Jan,3,3,15,2,Monday,1,1,Martin Luther King Jr. Day,Current Period,2024,FY24 Q1,2024,20241,202401
20240116,1/16/2024,2024,2024,1,Q1 2024,1,January,Jan,3,3,16,3,Tuesday,1,0,,Current Period,2024,FY24 Q1,2024,20241,202401
20240117,1/17/2024,2024,2024,1,Q1 2024,1,January,Jan,3,3,17,4,Wednesday,1,0,,Current Period,2024,FY24 Q1,2024,20241,202401
20240118,1/18/2024,2024,2024,1,Q1 2024,1,January,Jan,3,3,18,5,Thursday,1,0,,Current Period,2024,FY24 Q1,2024,20241,202401
20240119,1/19/2024,2024,2024,1,Q1 2024,1,January,Jan,3,3,19,6,Friday,1,0,,Current Period,2024,FY24 Q1,2024,20241,202401
20240120,1/20/2024,2024,2024,1,Q1 2024,1,January,Jan,3,3,20,7,Saturday,0,0,,Current Period,2024,FY24 Q1,2024,20241,202401
20240121,1/21/2024,2024,2024,1,Q1 2024,1,January,Jan,3,3,21,1,Sunday,0,0,,Current Period,2024,FY24 Q1,2024,20241,202401
20240122,1/22/2024,2024,2024,1,Q1 2024,1,January,Jan,4,4,22,2,Monday,1,0,,Current Period,2024,FY24 Q1,2024,20241,202401
20240123,1/23/2024,2024,2024,1,Q1 2024,1,January,Jan,4,4,23,3,Tuesday,1,0,,Current Period,2024,FY24 Q1,2024,20241,202401
20240124,1/24/2024,2024,2024,1,Q1 2024,1,January,Jan,4,4,24,4,Wednesday,1,0,,Current Period,2024,FY24 Q1,2024,20241,202401
20240125,1/25/2024,2024,2024,1,Q1 2024,1,January,Jan,4,4,25,5,Thursday,1,0,,Current Period,2024,FY24 Q1,2024,20241,202401
20240126,1/26/2024,2024,2024,1,Q1 2024,1,January,Jan,4,4,26,6,Friday,1,0,,Current Period,2024,FY24 Q1,2024,20241,202401
20240127,1/27/2024,2024,2024,1,Q1 2024,1,January,Jan,4,4,27,7,Saturday,0,0,,Current Period,2024,FY24 Q1,2024,20241,202401
20240128,1/28/2024,2024,2024,1,Q1 2024,1,January,Jan,4,4,28,1,Sunday,0,0,,Current Period,2024,FY24 Q1,2024,20241,202401
20240129,1/29/2024,2024,2024,1,Q1 2024,1,January,Jan,5,5,29,2,Monday,1,0,,Current Period,2024,FY24 Q1,2024,20241,202401
20240130,1/30/2024,2024,2024,1,Q1 2024,1,January,Jan,5,5,30,3,Tuesday,1,0,,Current Period,2024,FY24 Q1,2024,20241,202401
20240131,1/31/2024,2024,2024,1,Q1 2024,1,January,Jan,5,5,31,4,Wednesday,1,0,,Current Period,2024,FY24 Q1,2024,20241,202401
20240201,2/1/2024,2024,2024,1,Q1 2024,2,February,Feb,5,1,1,5,Thursday,1,0,,Current Period,2024,FY24 Q1,2024,20241,202402
20240202,2/2/2024,2024,2024,1,Q1 2024,2,February,Feb,5,1,2,6,Friday,1,0,,Current Period,2024,FY24 Q1,2024,20241,202402
20240203,2/3/2024,2024,2024,1,Q1 2024,2,February,Feb,5,1,3,7,Saturday,0,0,,Current Period,2024,FY24 Q1,2024,20241,202402
20240204,2/4/2024,2024,2024,1,Q1 2024,2,February,Feb,5,1,4,1,Sunday,0,0,,Current Period,2024,FY24 Q1,2024,20241,202402
20240205,2/5/2024,2024,2024,1,Q1 2024,2,February,Feb,6,1,5,2,Monday,1,0,,Current Period,2024,FY24 Q1,2024,20241,202402
20240206,2/6/2024,2024,2024,1,Q1 2024,2,February,Feb,6,1,6,3,Tuesday,1,0,,Current Period,2024,FY24 Q1,2024,20241,202402
20240207,2/7/2024,2024,2024,1,Q1 2024,2,February,Feb,6,1,7,4,Wednesday,1,0,,Current Period,2024,FY24 Q1,2024,20241,202402
20240208,2/8/2024,2024,2024,1,Q1 2024,2,February,Feb,6,2,8,5,Thursday,1,0,,Current Period,2024,FY24 Q1,2024,20241,202402
20240209,2/9/2024,2024,2024,1,Q1 2024,2,February,Feb,6,2,9,6,Friday,1,0,,Current Period,2024,FY24 Q1,2024,20241,202402
20240210,2/10/2024,2024,2024,1,Q1 2024,2,February,Feb,6,2,10,7,Saturday,0,0,,Current Period,2024,FY24 Q1,2024,20241,202402
20240211,2/11/2024,2024,2024,1,Q1 2024,2,February,Feb,6,2,11,1,Sunday,0,0,,Current Period,2024,FY24 Q1,2024,20241,202402
20240212,2/12/2024,2024,2024,1,Q1 2024,2,February,Feb,7,2,12,2,Monday,1,0,,Current Period,2024,FY24 Q1,2024,20241,202402
20240213,2/13/2024,2024,2024,1,Q1 2024,2,February,Feb,7,2,13,3,Tuesday,1,0,,Current Period,2024,FY24 Q1,2024,20241,202402
20240214,2/14/2024,2024,2024,1,Q1 2024,2,February,Feb,7,2,14,4,Wednesday,1,0,,Current Period,2024,FY24 Q1,2024,20241,202402
20240215,2/15/2024,2024,2024,1,Q1 2024,2,February,Feb,7,3,15,5,Thursday,1,0,,Current Period,2024,FY24 Q1,2024,20241,202402
20240216,2/16/2024,2024,2024,1,Q1 2024,2,February,Feb,7,3,16,6,Friday,1,0,,Current Period,2024,FY24 Q1,2024,20241,202402
20240217,2/17/2024,2024,2024,1,Q1 2024,2,February,Feb,7,3,17,7,Saturday,0,0,,Current Period,2024,FY24 Q1,2024,20241,202402
20240218,2/18/2024,2024,2024,1,Q1 2024,2,February,Feb,7,3,18,1,Sunday,0,0,,Current Period,2024,FY24 Q1,2024,20241,202402
20240219,2/19/2024,2024,2024,1,Q1 2024,2,February,Feb,8,3,19,2,Monday,1,1,Presidents Day,Current Period,2024,FY24 Q1,2024,20241,202402
20240220,2/20/2024,2024,2024,1,Q1 2024,2,February,Feb,8,3,20,3,Tuesday,1,0,,Current Period,2024,FY24 Q1,2024,20241,202402
20240221,2/21/2024,2024,2024,1,Q1 2024,2,February,Feb,8,3,21,4,Wednesday,1,0,,Current Period,2024,FY24 Q1,2024,20241,202402
20240222,2/22/2024,2024,2024,1,Q1 2024,2,February,Feb,8,4,22,5,Thursday,1,0,,Current Period,2024,FY24 Q1,2024,20241,202402
20240223,2/23/2024,2024,2024,1,Q1 2024,2,February,Feb,8,4,23,6,Friday,1,0,,Current Period,2024,FY24 Q1,2024,20241,202402
20240224,2/24/2024,2024,2024,1,Q1 2024,2,February,Feb,8,4,24,7,Saturday,0,0,,Current Period,2024,FY24 Q1,2024,20241,202402
20240225,2/25/2024,2024,2024,1,Q1 2024,2,February,Feb,8,4,25,1,Sunday,0,0,,Current Period,2024,FY24 Q1,2024,20241,202402
20240226,2/26/2024,2024,2024,1,Q1 2024,2,February,Feb,9,4,26,2,Monday,1,0,,Current Period,2024,FY24 Q1,2024,20241,202402
20240227,2/27/2024,2024,2024,1,Q1 2024,2,February,Feb,9,4,27,3,Tuesday,1,0,,Current Period,2024,FY24 Q1,2024,20241,202402
20240228,2/28/2024,2024,2024,1,Q1 2024,2,February,Feb,9,4,28,4,Wednesday,1,0,,Current Period,2024,FY24 Q1,2024,20241,202402
20240229,2/29/2024,2024,2024,1,Q1 2024,2,February,Feb,9,5,29,5,Thursday,1,0,,Current Period,2024,FY24 Q1,2024,20241,202402
20240301,3/1/2024,2024,2024,1,Q1 2024,3,March,Mar,9,1,1,6,Friday,1,0,,Current Period,2024,FY24 Q1,2024,20241,202403
20240302,3/2/2024,2024,2024,1,Q1 2024,3,March,Mar,9,1,2,7,Saturday,0,0,,Current Period,2024,FY24 Q1,2024,20241,202403
20240303,3/3/2024,2024,2024,1,Q1 2024,3,March,Mar,9,1,3,1,Sunday,0,0,,Current Period,2024,FY24 Q1,2024,20241,202403
20240304,3/4/2024,2024,2024,1,Q1 2024,3,March,Mar,10,1,4,2,Monday,1,0,,Current Period,2024,FY24 Q1,2024,20241,202403
20240305,3/5/2024,2024,2024,1,Q1 2024,3,March,Mar,10,1,5,3,Tuesday,1,0,,Current Period,2024,FY24 Q1,2024,20241,202403
20240306,3/6/2024,2024,2024,1,Q1 2024,3,March,Mar,10,1,6,4,Wednesday,1,0,,Current Period,2024,FY24 Q1,2024,20241,202403
20240307,3/7/2024,2024,2024,1,Q1 2024,3,March,Mar,10,1,7,5,Thursday,1,0,,Current Period,2024,FY24 Q1,2024,20241,202403
20240308,3/8/2024,2024,2024,1,Q1 2024,3,March,Mar,10,2,8,6,Friday,1,0,,Current Period,2024,FY24 Q1,2024,20241,202403
20240309,3/9/2024,2024,2024,1,Q1 2024,3,March,Mar,10,2,9,7,Saturday,0,0,,Current Period,2024,FY24 Q1,2024,20241,202403
20240310,3/10/2024,2024,2024,1,Q1 2024,3,March,Mar,10,2,10,1,Sunday,0,0,,Current Period,2024,FY24 Q1,2024,20241,202403
20240311,3/11/2024,2024,2024,1,Q1 2024,3,March,Mar,11,2,11,2,Monday,1,0,,Current Period,2024,FY24 Q1,2024,20241,202403
20240312,3/12/2024,2024,2024,1,Q1 2024,3,March,Mar,11,2,12,3,Tuesday,1,0,,Current Period,2024,FY24 Q1,2024,20241,202403
20240313,3/13/2024,2024,2024,1,Q1 2024,3,March,Mar,11,2,13,4,Wednesday,1,0,,Current Period,2024,FY24 Q1,2024,20241,202403
20240314,3/14/2024,2024,2024,1,Q1 2024,3,March,Mar,11,2,14,5,Thursday,1,0,,Current Period,2024,FY24 Q1,2024,20241,202403
20240315,3/15/2024,2024,2024,1,Q1 2024,3,March,Mar,11,3,15,6,Friday,1,0,,Current Period,2024,FY24 Q1,2024,20241,202403
20240316,3/16/2024,2024,2024,1,Q1 2024,3,March,Mar,11,3,16,7,Saturday,0,0,,Current Period,2024,FY24 Q1,2024,20241,202403
20240317,3/17/2024,2024,2024,1,Q1 2024,3,March,Mar,11,3,17,1,Sunday,0,0,,Current Period,2024,FY24 Q1,2024,20241,202403
20240318,3/18/2024,2024,2024,1,Q1 2024,3,March,Mar,12,3,18,2,Monday,1,0,,Current Period,2024,FY24 Q1,2024,20241,202403
20240319,3/19/2024,2024,2024,1,Q1 2024,3,March,Mar,12,3,19,3,Tuesday,1,0,,Current Period,2024,FY24 Q1,2024,20241,202403
20240320,3/20/2024,2024,2024,1,Q1 2024,3,March,Mar,12,3,20,4,Wednesday,1,0,,Current Period,2024,FY24 Q1,2024,20241,202403
20240321,3/21/2024,2024,2024,1,Q1 2024,3,March,Mar,12,3,21,5,Thursday,1,0,,Current Period,2024,FY24 Q1,2024,20241,202403
20240322,3/22/2024,2024,2024,1,Q1 2024,3,March,Mar,12,4,22,6,Friday,1,0,,Current Period,2024,FY24 Q1,2024,20241,202403
20240323,3/23/2024,2024,2024,1,Q1 2024,3,March,Mar,12,4,23,7,Saturday,0,0,,Current Period,2024,FY24 Q1,2024,20241,202403
20240324,3/24/2024,2024,2024,1,Q1 2024,3,March,Mar,12,4,24,1,Sunday,0,0,,Current Period,2024,FY24 Q1,2024,20241,202403
20240325,3/25/2024,2024,2024,1,Q1 2024,3,March,Mar,13,4,25,2,Monday,1,0,,Current Period,2024,FY24 Q1,2024,20241,202403
20240326,3/26/2024,2024,2024,1,Q1 2024,3,March,Mar,13,4,26,3,Tuesday,1,0,,Current Period,2024,FY24 Q1,2024,20241,202403
20240327,3/27/2024,2024,2024,1,Q1 2024,3,March,Mar,13,4,27,4,Wednesday,1,0,,Current Period,2024,FY24 Q1,2024,20241,202403
20240328,3/28/2024,2024,2024,1,Q1 2024,3,March,Mar,13,4,28,5,Thursday,1,0,,Current Period,2024,FY24 Q1,2024,20241,202403
20240329,3/29/2024,2024,2024,1,Q1 2024,3,March,Mar,13,5,29,6,Friday,1,0,,Current Period,2024,FY24 Q1,2024,20241,202403
20240330,3/30/2024,2024,2024,1,Q1 2024,3,March,Mar,13,5,30,7,Saturday,0,0,,Current Period,2024,FY24 Q1,2024,20241,202403
20240331,3/31/2024,2024,2024,1,Q1 2024,3,March,Mar,13,5,31,1,Sunday,0,0,,Current Period,2024,FY24 Q1,2024,20241,202403
20240401,4/1/2024,2024,2024,2,Q2 2024,4,April,Apr,14,1,1,2,Monday,1,0,,Current Period,2024,FY24 Q2,2024,20242,202404
20240402,4/2/2024,2024,2024,2,Q2 2024,4,April,Apr,14,1,2,3,Tuesday,1,0,,Current Period,2024,FY24 Q2,2024,20242,202404
20240403,4/3/2024,2024,2024,2,Q2 2024,4,April,Apr,14,1,3,4,Wednesday,1,0,,Current Period,2024,FY24 Q2,2024,20242,202404
20240404,4/4/2024,2024,2024,2,Q2 2024,4,April,Apr,14,1,4,5,Thursday,1,0,,Current Period,2024,FY24 Q2,2024,20242,202404
20240405,4/5/2024,2024,2024,2,Q2 2024,4,April,Apr,14,1,5,6,Friday,1,0,,Current Period,2024,FY24 Q2,2024,20242,202404
20240406,4/6/2024,2024,2024,2,Q2 2024,4,April,Apr,14,1,6,7,Saturday,0,0,,Current Period,2024,FY24 Q2,2024,20242,202404
20240407,4/7/2024,2024,2024,2,Q2 2024,4,April,Apr,14,1,7,1,Sunday,0,0,,Current Period,2024,FY24 Q2,2024,20242,202404
20240408,4/8/2024,2024,2024,2,Q2 2024,4,April,Apr,15,2,8,2,Monday,1,0,,Current Period,2024,FY24 Q2,2024,20242,202404
20240409,4/9/2024,2024,2024,2,Q2 2024,4,April,Apr,15,2,9,3,Tuesday,1,0,,Current Period,2024,FY24 Q2,2024,20242,202404
20240410,4/10/2024,2024,2024,2,Q2 2024,4,April,Apr,15,2,10,4,Wednesday,1,0,,Current Period,2024,FY24 Q2,2024,20242,202404
20240411,4/11/2024,2024,2024,2,Q2 2024,4,April,Apr,15,2,11,5,Thursday,1,0,,Current Period,2024,FY24 Q2,2024,20242,202404
20240412,4/12/2024,2024,2024,2,Q2 2024,4,April,Apr,15,2,12,6,Friday,1,0,,Current Period,2024,FY24 Q2,2024,20242,202404
20240413,4/13/2024,2024,2024,2,Q2 2024,4,April,Apr,15,2,13,7,Saturday,0,0,,Current Period,2024,FY24 Q2,2024,20242,202404
20240414,4/14/2024,2024,2024,2,Q2 2024,4,April,Apr,15,2,14,1,Sunday,0,0,,Current Period,2024,FY24 Q2,2024,20242,202404
20240415,4/15/2024,2024,2024,2,Q2 2024,4,April,Apr,16,3,15,2,Monday,1,0,,Current Period,2024,FY24 Q2,2024,20242,202404
20240416,4/16/2024,2024,2024,2,Q2 2024,4,April,Apr,16,3,16,3,Tuesday,1,0,,Current Period,2024,FY24 Q2,2024,20242,202404
20240417,4/17/2024,2024,2024,2,Q2 2024,4,April,Apr,16,3,17,4,Wednesday,1,0,,Current Period,2024,FY24 Q2,2024,20242,202404
20240418,4/18/2024,2024,2024,2,Q2 2024,4,April,Apr,16,3,18,5,Thursday,1,0,,Current Period,2024,FY24 Q2,2024,20242,202404
20240419,4/19/2024,2024,2024,2,Q2 2024,4,April,Apr,16,3,19,6,Friday,1,0,,Current Period,2024,FY24 Q2,2024,20242,202404
20240420,4/20/2024,2024,2024,2,Q2 2024,4,April,Apr,16,3,20,7,Saturday,0,0,,Current Period,2024,FY24 Q2,2024,20242,202404
20240421,4/21/2024,2024,2024,2,Q2 2024,4,April,Apr,16,3,21,1,Sunday,0,0,,Current Period,2024,FY24 Q2,2024,20242,202404
20240422,4/22/2024,2024,2024,2,Q2 2024,4,April,Apr,17,4,22,2,Monday,1,0,,Current Period,2024,FY24 Q2,2024,20242,202404
20240423,4/23/2024,2024,2024,2,Q2 2024,4,April,Apr,17,4,23,3,Tuesday,1,0,,Current Period,2024,FY24 Q2,2024,20242,202404
20240424,4/24/2024,2024,2024,2,Q2 2024,4,April,Apr,17,4,24,4,Wednesday,1,0,,Current Period,2024,FY24 Q2,2024,20242,202404
20240425,4/25/2024,2024,2024,2,Q2 2024,4,April,Apr,17,4,25,5,Thursday,1,0,,Current Period,2024,FY24 Q2,2024,20242,202404
20240426,4/26/2024,2024,2024,2,Q2 2024,4,April,Apr,17,4,26,6,Friday,1,0,,Current Period,2024,FY24 Q2,2024,20242,202404
20240427,4/27/2024,2024,2024,2,Q2 2024,4,April,Apr,17,4,27,7,Saturday,0,0,,Current Period,2024,FY24 Q2,2024,20242,202404
20240428,4/28/2024,2024,2024,2,Q2 2024,4,April,Apr,17,4,28,1,Sunday,0,0,,Current Period,2024,FY24 Q2,2024,20242,202404
20240429,4/29/2024,2024,2024,2,Q2 2024,4,April,Apr,18,5,29,2,Monday,1,0,,Current Period,2024,FY24 Q2,2024,20242,202404
20240430,4/30/2024,2024,2024,2,Q2 2024,4,April,Apr,18,5,30,3,Tuesday,1,0,,Current Period,2024,FY24 Q2,2024,20242,202404
20240501,5/1/2024,2024,2024,2,Q2 2024,5,May,May,18,1,1,4,Wednesday,1,0,,Current Period,2024,FY24 Q2,2024,20242,202405
20240502,5/2/2024,2024,2024,2,Q2 2024,5,May,May,18,1,2,5,Thursday,1,0,,Current Period,2024,FY24 Q2,2024,20242,202405
20240503,5/3/2024,2024,2024,2,Q2 2024,5,May,May,18,1,3,6,Friday,1,0,,Current Period,2024,FY24 Q2,2024,20242,202405
20240504,5/4/2024,2024,2024,2,Q2 2024,5,May,May,18,1,4,7,Saturday,0,0,,Current Period,2024,FY24 Q2,2024,20242,202405
20240505,5/5/2024,2024,2024,2,Q2 2024,5,May,May,18,1,5,1,Sunday,0,0,,Current Period,2024,FY24 Q2,2024,20242,202405
20240506,5/6/2024,2024,2024,2,Q2 2024,5,May,May,19,1,6,2,Monday,1,0,,Current Period,2024,FY24 Q2,2024,20242,202405
20240507,5/7/2024,2024,2024,2,Q2 2024,5,May,May,19,1,7,3,Tuesday,1,0,,Current Period,2024,FY24 Q2,2024,20242,202405
20240508,5/8/2024,2024,2024,2,Q2 2024,5,May,May,19,2,8,4,Wednesday,1,0,,Current Period,2024,FY24 Q2,2024,20242,202405
20240509,5/9/2024,2024,2024,2,Q2 2024,5,May,May,19,2,9,5,Thursday,1,0,,Current Period,2024,FY24 Q2,2024,20242,202405
20240510,5/10/2024,2024,2024,2,Q2 2024,5,May,May,19,2,10,6,Friday,1,0,,Current Period,2024,FY24 Q2,2024,20242,202405
20240511,5/11/2024,2024,2024,2,Q2 2024,5,May,May,19,2,11,7,Saturday,0,0,,Current Period,2024,FY24 Q2,2024,20242,202405
20240512,5/12/2024,2024,2024,2,Q2 2024,5,May,May,19,2,12,1,Sunday,0,0,,Current Period,2024,FY24 Q2,2024,20242,202405
20240513,5/13/2024,2024,2024,2,Q2 2024,5,May,May,20,2,13,2,Monday,1,0,,Current Period,2024,FY24 Q2,2024,20242,202405
20240514,5/14/2024,2024,2024,2,Q2 2024,5,May,May,20,2,14,3,Tuesday,1,0,,Current Period,2024,FY24 Q2,2024,20242,202405
20240515,5/15/2024,2024,2024,2,Q2 2024,5,May,May,20,3,15,4,Wednesday,1,0,,Current Period,2024,FY24 Q2,2024,20242,202405
20240516,5/16/2024,2024,2024,2,Q2 2024,5,May,May,20,3,16,5,Thursday,1,0,,Current Period,2024,FY24 Q2,2024,20242,202405
20240517,5/17/2024,2024,2024,2,Q2 2024,5,May,May,20,3,17,6,Friday,1,0,,Current Period,2024,FY24 Q2,2024,20242,202405
20240518,5/18/2024,2024,2024,2,Q2 2024,5,May,May,20,3,18,7,Saturday,0,0,,Current Period,2024,FY24 Q2,2024,20242,202405
20240519,5/19/2024,2024,2024,2,Q2 2024,5,May,May,20,3,19,1,Sunday,0,0,,Current Period,2024,FY24 Q2,2024,20242,202405
20240520,5/20/2024,2024,2024,2,Q2 2024,5,May,May,21,3,20,2,Monday,1,0,,Current Period,2024,FY24 Q2,2024,20242,202405
20240521,5/21/2024,2024,2024,2,Q2 2024,5,May,May,21,3,21,3,Tuesday,1,0,,Current Period,2024,FY24 Q2,2024,20242,202405
20240522,5/22/2024,2024,2024,2,Q2 2024,5,May,May,21,4,22,4,Wednesday,1,0,,Current Period,2024,FY24 Q2,2024,20242,202405
20240523,5/23/2024,2024,2024,2,Q2 2024,5,May,May,21,4,23,5,Thursday,1,0,,Current Period,2024,FY24 Q2,2024,20242,202405
20240524,5/24/2024,2024,2024,2,Q2 2024,5,May,May,21,4,24,6,Friday,1,0,,Current Period,2024,FY24 Q2,2024,20242,202405
20240525,5/25/2024,2024,2024,2,Q2 2024,5,May,May,21,4,25,7,Saturday,0,0,,Current Period,2024,FY24 Q2,2024,20242,202405
20240526,5/26/2024,2024,2024,2,Q2 2024,5,May,May,21,4,26,1,Sunday,0,0,,Current Period,2024,FY24 Q2,2024,20242,202405
20240527,5/27/2024,2024,2024,2,Q2 2024,5,May,May,22,4,27,2,Monday,1,1,Memorial Day,Current Period,2024,FY24 Q2,2024,20242,202405
20240528,5/28/2024,2024,2024,2,Q2 2024,5,May,May,22,4,28,3,Tuesday,1,0,,Current Period,2024,FY24 Q2,2024,20242,202405
20240529,5/29/2024,2024,2024,2,Q2 2024,5,May,May,22,5,29,4,Wednesday,1,0,,Current Period,2024,FY24 Q2,2024,20242,202405
20240530,5/30/2024,2024,2024,2,Q2 2024,5,May,May,22,5,30,5,Thursday,1,0,,Current Period,2024,FY24 Q2,2024,20242,202405
20240531,5/31/2024,2024,2024,2,Q2 2024,5,May,May,22,5,31,6,Friday,1,0,,Current Period,2024,FY24 Q2,2024,20242,202405
20240601,6/1/2024,2024,2024,2,Q2 2024,6,June,Jun,22,1,1,7,Saturday,0,0,,Current Period,2024,FY24 Q2,2024,20242,202406
20240602,6/2/2024,2024,2024,2,Q2 2024,6,June,Jun,22,1,2,1,Sunday,0,0,,Current Period,2024,FY24 Q2,2024,20242,202406
20240603,6/3/2024,2024,2024,2,Q2 2024,6,June,Jun,23,1,3,2,Monday,1,0,,Current Period,2024,FY24 Q2,2024,20242,202406
20240604,6/4/2024,2024,2024,2,Q2 2024,6,June,Jun,23,1,4,3,Tuesday,1,0,,Current Period,2024,FY24 Q2,2024,20242,202406
20240605,6/5/2024,2024,2024,2,Q2 2024,6,June,Jun,23,1,5,4,Wednesday,1,0,,Current Period,2024,FY24 Q2,2024,20242,202406
20240606,6/6/2024,2024,2024,2,Q2 2024,6,June,Jun,23,1,6,5,Thursday,1,0,,Current Period,2024,FY24 Q2,2024,20242,202406
20240607,6/7/2024,2024,2024,2,Q2 2024,6,June,Jun,23,1,7,6,Friday,1,0,,Current Period,2024,FY24 Q2,2024,20242,202406
20240608,6/8/2024,2024,2024,2,Q2 2024,6,June,Jun,23,2,8,7,Saturday,0,0,,Current Period,2024,FY24 Q2,2024,20242,202406
20240609,6/9/2024,2024,2024,2,Q2 2024,6,June,Jun,23,2,9,1,Sunday,0,0,,Current Period,2024,FY24 Q2,2024,20242,202406
20240610,6/10/2024,2024,2024,2,Q2 2024,6,June,Jun,24,2,10,2,Monday,1,0,,Current Period,2024,FY24 Q2,2024,20242,202406
20240611,6/11/2024,2024,2024,2,Q2 2024,6,June,Jun,24,2,11,3,Tuesday,1,0,,Current Period,2024,FY24 Q2,2024,20242,202406
20240612,6/12/2024,2024,2024,2,Q2 2024,6,June,Jun,24,2,12,4,Wednesday,1,0,,Current Period,2024,FY24 Q2,2024,20242,202406
20240613,6/13/2024,2024,2024,2,Q2 2024,6,June,Jun,24,2,13,5,Thursday,1,0,,Current Period,2024,FY24 Q2,2024,20242,202406
20240614,6/14/2024,2024,2024,2,Q2 2024,6,June,Jun,24,2,14,6,Friday,1,0,,Current Period,2024,FY24 Q2,2024,20242,202406
20240615,6/15/2024,2024,2024,2,Q2 2024,6,June,Jun,24,3,15,7,Saturday,0,0,,Current Period,2024,FY24 Q2,2024,20242,202406
20240616,6/16/2024,2024,2024,2,Q2 2024,6,June,Jun,24,3,16,1,Sunday,0,0,,Current Period,2024,FY24 Q2,2024,20242,202406
20240617,6/17/2024,2024,2024,2,Q2 2024,6,June,Jun,25,3,17,2,Monday,1,0,,Current Period,2024,FY24 Q2,2024,20242,202406
20240618,6/18/2024,2024,2024,2,Q2 2024,6,June,Jun,25,3,18,3,Tuesday,1,0,,Current Period,2024,FY24 Q2,2024,20242,202406
20240619,6/19/2024,2024,2024,2,Q2 2024,6,June,Jun,25,3,19,4,Wednesday,1,0,,Current Period,2024,FY24 Q2,2024,20242,202406
20240620,6/20/2024,2024,2024,2,Q2 2024,6,June,Jun,25,3,20,5,Thursday,1,0,,Current Period,2024,FY24 Q2,2024,20242,202406
20240621,6/21/2024,2024,2024,2,Q2 2024,6,June,Jun,25,3,21,6,Friday,1,0,,Current Period,2024,FY24 Q2,2024,20242,202406
20240622,6/22/2024,2024,2024,2,Q2 2024,6,June,Jun,25,4,22,7,Saturday,0,0,,Current Period,2024,FY24 Q2,2024,20242,202406
20240623,6/23/2024,2024,2024,2,Q2 2024,6,June,Jun,25,4,23,1,Sunday,0,0,,Current Period,2024,FY24 Q2,2024,20242,202406
20240624,6/24/2024,2024,2024,2,Q2 2024,6,June,Jun,26,4,24,2,Monday,1,0,,Current Period,2024,FY24 Q2,2024,20242,202406
20240625,6/25/2024,2024,2024,2,Q2 2024,6,June,Jun,26,4,25,3,Tuesday,1,0,,Current Period,2024,FY24 Q2,2024,20242,202406
20240626,6/26/2024,2024,2024,2,Q2 2024,6,June,Jun,26,4,26,4,Wednesday,1,0,,Current Period,2024,FY24 Q2,2024,20242,202406
20240627,6/27/2024,2024,2024,2,Q2 2024,6,June,Jun,26,4,27,5,Thursday,1,0,,Current Period,2024,FY24 Q2,2024,20242,202406
20240628,6/28/2024,2024,2024,2,Q2 2024,6,June,Jun,26,4,28,6,Friday,1,0,,Current Period,2024,FY24 Q2,2024,20242,202406
20240629,6/29/2024,2024,2024,2,Q2 2024,6,June,Jun,26,5,29,7,Saturday,0,0,,Current Period,2024,FY24 Q2,2024,20242,202406
20240630,6/30/2024,2024,2024,2,Q2 2024,6,June,Jun,26,5,30,1,Sunday,0,0,,Current Period,2024,FY24 Q2,2024,20242,202406
20240701,7/1/2024,2024,2024,3,Q3 2024,7,July,Jul,27,1,1,2,Monday,1,0,,Current Period,2024,FY24 Q3,2024,20243,202407
20240702,7/2/2024,2024,2024,3,Q3 2024,7,July,Jul,27,1,2,3,Tuesday,1,0,,Current Period,2024,FY24 Q3,2024,20243,202407
20240703,7/3/2024,2024,2024,3,Q3 2024,7,July,Jul,27,1,3,4,Wednesday,1,0,,Current Period,2024,FY24 Q3,2024,20243,202407
20240704,7/4/2024,2024,2024,3,Q3 2024,7,July,Jul,27,1,4,5,Thursday,1,1,Independence Day,Current Period,2024,FY24 Q3,2024,20243,202407
20240705,7/5/2024,2024,2024,3,Q3 2024,7,July,Jul,27,1,5,6,Friday,1,0,,Current Period,2024,FY24 Q3,2024,20243,202407
20240706,7/6/2024,2024,2024,3,Q3 2024,7,July,Jul,27,1,6,7,Saturday,0,0,,Current Period,2024,FY24 Q3,2024,20243,202407
20240707,7/7/2024,2024,2024,3,Q3 2024,7,July,Jul,27,1,7,1,Sunday,0,0,,Current Period,2024,FY24 Q3,2024,20243,202407
20240708,7/8/2024,2024,2024,3,Q3 2024,7,July,Jul,28,2,8,2,Monday,1,0,,Current Period,2024,FY24 Q3,2024,20243,202407
20240709,7/9/2024,2024,2024,3,Q3 2024,7,July,Jul,28,2,9,3,Tuesday,1,0,,Current Period,2024,FY24 Q3,2024,20243,202407
20240710,7/10/2024,2024,2024,3,Q3 2024,7,July,Jul,28,2,10,4,Wednesday,1,0,,Current Period,2024,FY24 Q3,2024,20243,202407
20240711,7/11/2024,2024,2024,3,Q3 2024,7,July,Jul,28,2,11,5,Thursday,1,0,,Current Period,2024,FY24 Q3,2024,20243,202407
20240712,7/12/2024,2024,2024,3,Q3 2024,7,July,Jul,28,2,12,6,Friday,1,0,,Current Period,2024,FY24 Q3,2024,20243,202407
20240713,7/13/2024,2024,2024,3,Q3 2024,7,July,Jul,28,2,13,7,Saturday,0,0,,Current Period,2024,FY24 Q3,2024,20243,202407
20240714,7/14/2024,2024,2024,3,Q3 2024,7,July,Jul,28,2,14,1,Sunday,0,0,,Current Period,2024,FY24 Q3,2024,20243,202407
20240715,7/15/2024,2024,2024,3,Q3 2024,7,July,Jul,29,3,15,2,Monday,1,0,,Current Period,2024,FY24 Q3,2024,20243,202407
20240716,7/16/2024,2024,2024,3,Q3 2024,7,July,Jul,29,3,16,3,Tuesday,1,0,,Current Period,2024,FY24 Q3,2024,20243,202407
20240717,7/17/2024,2024,2024,3,Q3 2024,7,July,Jul,29,3,17,4,Wednesday,1,0,,Current Period,2024,FY24 Q3,2024,20243,202407
20240718,7/18/2024,2024,2024,3,Q3 2024,7,July,Jul,29,3,18,5,Thursday,1,0,,Current Period,2024,FY24 Q3,2024,20243,202407
20240719,7/19/2024,2024,2024,3,Q3 2024,7,July,Jul,29,3,19,6,Friday,1,0,,Current Period,2024,FY24 Q3,2024,20243,202407
20240720,7/20/2024,2024,2024,3,Q3 2024,7,July,Jul,29,3,20,7,Saturday,0,0,,Current Period,2024,FY24 Q3,2024,20243,202407
20240721,7/21/2024,2024,2024,3,Q3 2024,7,July,Jul,29,3,21,1,Sunday,0,0,,Current Period,2024,FY24 Q3,2024,20243,202407
20240722,7/22/2024,2024,2024,3,Q3 2024,7,July,Jul,30,4,22,2,Monday,1,0,,Current Period,2024,FY24 Q3,2024,20243,202407
20240723,7/23/2024,2024,2024,3,Q3 2024,7,July,Jul,30,4,23,3,Tuesday,1,0,,Current Period,2024,FY24 Q3,2024,20243,202407
20240724,7/24/2024,2024,2024,3,Q3 2024,7,July,Jul,30,4,24,4,Wednesday,1,0,,Current Period,2024,FY24 Q3,2024,20243,202407
20240725,7/25/2024,2024,2024,3,Q3 2024,7,July,Jul,30,4,25,5,Thursday,1,0,,Current Period,2024,FY24 Q3,2024,20243,202407
20240726,7/26/2024,2024,2024,3,Q3 2024,7,July,Jul,30,4,26,6,Friday,1,0,,Current Period,2024,FY24 Q3,2024,20243,202407
20240727,7/27/2024,2024,2024,3,Q3 2024,7,July,Jul,30,4,27,7,Saturday,0,0,,Current Period,2024,FY24 Q3,2024,20243,202407
20240728,7/28/2024,2024,2024,3,Q3 2024,7,July,Jul,30,4,28,1,Sunday,0,0,,Current Period,2024,FY24 Q3,2024,20243,202407
20240729,7/29/2024,2024,2024,3,Q3 2024,7,July,Jul,31,5,29,2,Monday,1,0,,Current Period,2024,FY24 Q3,2024,20243,202407
20240730,7/30/2024,2024,2024,3,Q3 2024,7,July,Jul,31,5,30,3,Tuesday,1,0,,Current Period,2024,FY24 Q3,2024,20243,202407
20240731,7/31/2024,2024,2024,3,Q3 2024,7,July,Jul,31,5,31,4,Wednesday,1,0,,Current Period,2024,FY24 Q3,2024,20243,202407
20240801,8/1/2024,2024,2024,3,Q3 2024,8,August,Aug,31,1,1,5,Thursday,1,0,,Current Period,2024,FY24 Q3,2024,20243,202408
20240802,8/2/2024,2024,2024,3,Q3 2024,8,August,Aug,31,1,2,6,Friday,1,0,,Current Period,2024,FY24 Q3,2024,20243,202408
20240803,8/3/2024,2024,2024,3,Q3 2024,8,August,Aug,31,1,3,7,Saturday,0,0,,Current Period,2024,FY24 Q3,2024,20243,202408
20240804,8/4/2024,2024,2024,3,Q3 2024,8,August,Aug,31,1,4,1,Sunday,0,0,,Current Period,2024,FY24 Q3,2024,20243,202408
20240805,8/5/2024,2024,2024,3,Q3 2024,8,August,Aug,32,1,5,2,Monday,1,0,,Current Period,2024,FY24 Q3,2024,20243,202408
20240806,8/6/2024,2024,2024,3,Q3 2024,8,August,Aug,32,1,6,3,Tuesday,1,0,,Current Period,2024,FY24 Q3,2024,20243,202408
20240807,8/7/2024,2024,2024,3,Q3 2024,8,August,Aug,32,1,7,4,Wednesday,1,0,,Current Period,2024,FY24 Q3,2024,20243,202408
20240808,8/8/2024,2024,2024,3,Q3 2024,8,August,Aug,32,2,8,5,Thursday,1,0,,Current Period,2024,FY24 Q3,2024,20243,202408
20240809,8/9/2024,2024,2024,3,Q3 2024,8,August,Aug,32,2,9,6,Friday,1,0,,Current Period,2024,FY24 Q3,2024,20243,202408
20240810,8/10/2024,2024,2024,3,Q3 2024,8,August,Aug,32,2,10,7,Saturday,0,0,,Current Period,2024,FY24 Q3,2024,20243,202408
20240811,8/11/2024,2024,2024,3,Q3 2024,8,August,Aug,32,2,11,1,Sunday,0,0,,Current Period,2024,FY24 Q3,2024,20243,202408
20240812,8/12/2024,2024,2024,3,Q3 2024,8,August,Aug,33,2,12,2,Monday,1,0,,Current Period,2024,FY24 Q3,2024,20243,202408
20240813,8/13/2024,2024,2024,3,Q3 2024,8,August,Aug,33,2,13,3,Tuesday,1,0,,Current Period,2024,FY24 Q3,2024,20243,202408
20240814,8/14/2024,2024,2024,3,Q3 2024,8,August,Aug,33,2,14,4,Wednesday,1,0,,Current Period,2024,FY24 Q3,2024,20243,202408
20240815,8/15/2024,2024,2024,3,Q3 2024,8,August,Aug,33,3,15,5,Thursday,1,0,,Current Period,2024,FY24 Q3,2024,20243,202408
20240816,8/16/2024,2024,2024,3,Q3 2024,8,August,Aug,33,3,16,6,Friday,1,0,,Current Period,2024,FY24 Q3,2024,20243,202408
20240817,8/17/2024,2024,2024,3,Q3 2024,8,August,Aug,33,3,17,7,Saturday,0,0,,Current Period,2024,FY24 Q3,2024,20243,202408
20240818,8/18/2024,2024,2024,3,Q3 2024,8,August,Aug,33,3,18,1,Sunday,0,0,,Current Period,2024,FY24 Q3,2024,20243,202408
20240819,8/19/2024,2024,2024,3,Q3 2024,8,August,Aug,34,3,19,2,Monday,1,0,,Current Period,2024,FY24 Q3,2024,20243,202408
20240820,8/20/2024,2024,2024,3,Q3 2024,8,August,Aug,34,3,20,3,Tuesday,1,0,,Current Period,2024,FY24 Q3,2024,20243,202408
20240821,8/21/2024,2024,2024,3,Q3 2024,8,August,Aug,34,3,21,4,Wednesday,1,0,,Current Period,2024,FY24 Q3,2024,20243,202408
20240822,8/22/2024,2024,2024,3,Q3 2024,8,August,Aug,34,4,22,5,Thursday,1,0,,Current Period,2024,FY24 Q3,2024,20243,202408
20240823,8/23/2024,2024,2024,3,Q3 2024,8,August,Aug,34,4,23,6,Friday,1,0,,Current Period,2024,FY24 Q3,2024,20243,202408
20240824,8/24/2024,2024,2024,3,Q3 2024,8,August,Aug,34,4,24,7,Saturday,0,0,,Current Period,2024,FY24 Q3,2024,20243,202408
20240825,8/25/2024,2024,2024,3,Q3 2024,8,August,Aug,34,4,25,1,Sunday,0,0,,Current Period,2024,FY24 Q3,2024,20243,202408
20240826,8/26/2024,2024,2024,3,Q3 2024,8,August,Aug,35,4,26,2,Monday,1,0,,Current Period,2024,FY24 Q3,2024,20243,202408
20240827,8/27/2024,2024,2024,3,Q3 2024,8,August,Aug,35,4,27,3,Tuesday,1,0,,Current Period,2024,FY24 Q3,2024,20243,202408
20240828,8/28/2024,2024,2024,3,Q3 2024,8,August,Aug,35,4,28,4,Wednesday,1,0,,Current Period,2024,FY24 Q3,2024,20243,202408
20240829,8/29/2024,2024,2024,3,Q3 2024,8,August,Aug,35,5,29,5,Thursday,1,0,,Current Period,2024,FY24 Q3,2024,20243,202408
20240830,8/30/2024,2024,2024,3,Q3 2024,8,August,Aug,35,5,30,6,Friday,1,0,,Current Period,2024,FY24 Q3,2024,20243,202408
20240831,8/31/2024,2024,2024,3,Q3 2024,8,August,Aug,35,5,31,7,Saturday,0,0,,Current Period,2024,FY24 Q3,2024,20243,202408
20240901,9/1/2024,2024,2024,3,Q3 2024,9,September,Sep,35,1,1,1,Sunday,0,0,,Current Period,2024,FY24 Q3,2024,20243,202409
20240902,9/2/2024,2024,2024,3,Q3 2024,9,September,Sep,36,1,2,2,Monday,1,1,Labor Day,Current Period,2024,FY24 Q3,2024,20243,202409
20240903,9/3/2024,2024,2024,3,Q3 2024,9,September,Sep,36,1,3,3,Tuesday,1,0,,Current Period,2024,FY24 Q3,2024,20243,202409
20240904,9/4/2024,2024,2024,3,Q3 2024,9,September,Sep,36,1,4,4,Wednesday,1,0,,Current Period,2024,FY24 Q3,2024,20243,202409
20240905,9/5/2024,2024,2024,3,Q3 2024,9,September,Sep,36,1,5,5,Thursday,1,0,,Current Period,2024,FY24 Q3,2024,20243,202409
20240906,9/6/2024,2024,2024,3,Q3 2024,9,September,Sep,36,1,6,6,Friday,1,0,,Current Period,2024,FY24 Q3,2024,20243,202409
20240907,9/7/2024,2024,2024,3,Q3 2024,9,September,Sep,36,1,7,7,Saturday,0,0,,Current Period,2024,FY24 Q3,2024,20243,202409
20240908,9/8/2024,2024,2024,3,Q3 2024,9,September,Sep,36,2,8,1,Sunday,0,0,,Current Period,2024,FY24 Q3,2024,20243,202409
20240909,9/9/2024,2024,2024,3,Q3 2024,9,September,Sep,37,2,9,2,Monday,1,0,,Current Period,2024,FY24 Q3,2024,20243,202409
20240910,9/10/2024,2024,2024,3,Q3 2024,9,September,Sep,37,2,10,3,Tuesday,1,0,,Current Period,2024,FY24 Q3,2024,20243,202409
20240911,9/11/2024,2024,2024,3,Q3 2024,9,September,Sep,37,2,11,4,Wednesday,1,0,,Current Period,2024,FY24 Q3,2024,20243,202409
20240912,9/12/2024,2024,2024,3,Q3 2024,9,September,Sep,37,2,12,5,Thursday,1,0,,Current Period,2024,FY24 Q3,2024,20243,202409
20240913,9/13/2024,2024,2024,3,Q3 2024,9,September,Sep,37,2,13,6,Friday,1,0,,Current Period,2024,FY24 Q3,2024,20243,202409
20240914,9/14/2024,2024,2024,3,Q3 2024,9,September,Sep,37,2,14,7,Saturday,0,0,,Current Period,2024,FY24 Q3,2024,20243,202409
20240915,9/15/2024,2024,2024,3,Q3 2024,9,September,Sep,37,3,15,1,Sunday,0,0,,Current Period,2024,FY24 Q3,2024,20243,202409
20240916,9/16/2024,2024,2024,3,Q3 2024,9,September,Sep,38,3,16,2,Monday,1,0,,Current Period,2024,FY24 Q3,2024,20243,202409
20240917,9/17/2024,2024,2024,3,Q3 2024,9,September,Sep,38,3,17,3,Tuesday,1,0,,Current Period,2024,FY24 Q3,2024,20243,202409
20240918,9/18/2024,2024,2024,3,Q3 2024,9,September,Sep,38,3,18,4,Wednesday,1,0,,Current Period,2024,FY24 Q3,2024,20243,202409
20240919,9/19/2024,2024,2024,3,Q3 2024,9,September,Sep,38,3,19,5,Thursday,1,0,,Current Period,2024,FY24 Q3,2024,20243,202409
20240920,9/20/2024,2024,2024,3,Q3 2024,9,September,Sep,38,3,20,6,Friday,1,0,,Current Period,2024,FY24 Q3,2024,20243,202409
20240921,9/21/2024,2024,2024,3,Q3 2024,9,September,Sep,38,3,21,7,Saturday,0,0,,Current Period,2024,FY24 Q3,2024,20243,202409
20240922,9/22/2024,2024,2024,3,Q3 2024,9,September,Sep,38,4,22,1,Sunday,0,0,,Current Period,2024,FY24 Q3,2024,20243,202409
20240923,9/23/2024,2024,2024,3,Q3 2024,9,September,Sep,39,4,23,2,Monday,1,0,,Current Period,2024,FY24 Q3,2024,20243,202409
20240924,9/24/2024,2024,2024,3,Q3 2024,9,September,Sep,39,4,24,3,Tuesday,1,0,,Current Period,2024,FY24 Q3,2024,20243,202409
20240925,9/25/2024,2024,2024,3,Q3 2024,9,September,Sep,39,4,25,4,Wednesday,1,0,,Current Period,2024,FY24 Q3,2024,20243,202409
20240926,9/26/2024,2024,2024,3,Q3 2024,9,September,Sep,39,4,26,5,Thursday,1,0,,Current Period,2024,FY24 Q3,2024,20243,202409
20240927,9/27/2024,2024,2024,3,Q3 2024,9,September,Sep,39,4,27,6,Friday,1,0,,Current Period,2024,FY24 Q3,2024,20243,202409
20240928,9/28/2024,2024,2024,3,Q3 2024,9,September,Sep,39,4,28,7,Saturday,0,0,,Current Period,2024,FY24 Q3,2024,20243,202409
20240929,9/29/2024,2024,2024,3,Q3 2024,9,September,Sep,39,5,29,1,Sunday,0,0,,Current Period,2024,FY24 Q3,2024,20243,202409
20240930,9/30/2024,2024,2024,3,Q3 2024,9,September,Sep,40,5,30,2,Monday,1,0,,Current Period,2024,FY24 Q3,2024,20243,202409
20241001,10/1/2024,2024,2024,4,Q4 2024,10,October,Oct,40,1,1,3,Tuesday,1,0,,Current Period,2024,FY24 Q4,2024,20244,202410
20241002,10/2/2024,2024,2024,4,Q4 2024,10,October,Oct,40,1,2,4,Wednesday,1,0,,Current Period,2024,FY24 Q4,2024,20244,202410
20241003,10/3/2024,2024,2024,4,Q4 2024,10,October,Oct,40,1,3,5,Thursday,1,0,,Current Period,2024,FY24 Q4,2024,20244,202410
20241004,10/4/2024,2024,2024,4,Q4 2024,10,October,Oct,40,1,4,6,Friday,1,0,,Current Period,2024,FY24 Q4,2024,20244,202410
20241005,10/5/2024,2024,2024,4,Q4 2024,10,October,Oct,40,1,5,7,Saturday,0,0,,Current Period,2024,FY24 Q4,2024,20244,202410
20241006,10/6/2024,2024,2024,4,Q4 2024,10,October,Oct,40,1,6,1,Sunday,0,0,,Current Period,2024,FY24 Q4,2024,20244,202410
20241007,10/7/2024,2024,2024,4,Q4 2024,10,October,Oct,41,1,7,2,Monday,1,0,,Current Period,2024,FY24 Q4,2024,20244,202410
20241008,10/8/2024,2024,2024,4,Q4 2024,10,October,Oct,41,2,8,3,Tuesday,1,0,,Current Period,2024,FY24 Q4,2024,20244,202410
20241009,10/9/2024,2024,2024,4,Q4 2024,10,October,Oct,41,2,9,4,Wednesday,1,0,,Current Period,2024,FY24 Q4,2024,20244,202410
20241010,10/10/2024,2024,2024,4,Q4 2024,10,October,Oct,41,2,10,5,Thursday,1,0,,Current Period,2024,FY24 Q4,2024,20244,202410
20241011,10/11/2024,2024,2024,4,Q4 2024,10,October,Oct,41,2,11,6,Friday,1,0,,Current Period,2024,FY24 Q4,2024,20244,202410
20241012,10/12/2024,2024,2024,4,Q4 2024,10,October,Oct,41,2,12,7,Saturday,0,0,,Current Period,2024,FY24 Q4,2024,20244,202410
20241013,10/13/2024,2024,2024,4,Q4 2024,10,October,Oct,41,2,13,1,Sunday,0,0,,Current Period,2024,FY24 Q4,2024,20244,202410
20241014,10/14/2024,2024,2024,4,Q4 2024,10,October,Oct,42,2,14,2,Monday,1,0,,Current Period,2024,FY24 Q4,2024,20244,202410
20241015,10/15/2024,2024,2024,4,Q4 2024,10,October,Oct,42,3,15,3,Tuesday,1,0,,Current Period,2024,FY24 Q4,2024,20244,202410
20241016,10/16/2024,2024,2024,4,Q4 2024,10,October,Oct,42,3,16,4,Wednesday,1,0,,Current Period,2024,FY24 Q4,2024,20244,202410
20241017,10/17/2024,2024,2024,4,Q4 2024,10,October,Oct,42,3,17,5,Thursday,1,0,,Current Period,2024,FY24 Q4,2024,20244,202410
20241018,10/18/2024,2024,2024,4,Q4 2024,10,October,Oct,42,3,18,6,Friday,1,0,,Current Period,2024,FY24 Q4,2024,20244,202410
20241019,10/19/2024,2024,2024,4,Q4 2024,10,October,Oct,42,3,19,7,Saturday,0,0,,Current Period,2024,FY24 Q4,2024,20244,202410
20241020,10/20/2024,2024,2024,4,Q4 2024,10,October,Oct,42,3,20,1,Sunday,0,0,,Current Period,2024,FY24 Q4,2024,20244,202410
20241021,10/21/2024,2024,2024,4,Q4 2024,10,October,Oct,43,3,21,2,Monday,1,0,,Current Period,2024,FY24 Q4,2024,20244,202410
20241022,10/22/2024,2024,2024,4,Q4 2024,10,October,Oct,43,4,22,3,Tuesday,1,0,,Current Period,2024,FY24 Q4,2024,20244,202410
20241023,10/23/2024,2024,2024,4,Q4 2024,10,October,Oct,43,4,23,4,Wednesday,1,0,,Current Period,2024,FY24 Q4,2024,20244,202410
20241024,10/24/2024,2024,2024,4,Q4 2024,10,October,Oct,43,4,24,5,Thursday,1,0,,Current Period,2024,FY24 Q4,2024,20244,202410
20241025,10/25/2024,2024,2024,4,Q4 2024,10,October,Oct,43,4,25,6,Friday,1,0,,Current Period,2024,FY24 Q4,2024,20244,202410
20241026,10/26/2024,2024,2024,4,Q4 2024,10,October,Oct,43,4,26,7,Saturday,0,0,,Current Period,2024,FY24 Q4,2024,20244,202410
20241027,10/27/2024,2024,2024,4,Q4 2024,10,October,Oct,43,4,27,1,Sunday,0,0,,Current Period,2024,FY24 Q4,2024,20244,202410
20241028,10/28/2024,2024,2024,4,Q4 2024,10,October,Oct,44,4,28,2,Monday,1,0,,Current Period,2024,FY24 Q4,2024,20244,202410
20241029,10/29/2024,2024,2024,4,Q4 2024,10,October,Oct,44,5,29,3,Tuesday,1,0,,Current Period,2024,FY24 Q4,2024,20244,202410
20241030,10/30/2024,2024,2024,4,Q4 2024,10,October,Oct,44,5,30,4,Wednesday,1,0,,Current Period,2024,FY24 Q4,2024,20244,202410
20241031,10/31/2024,2024,2024,4,Q4 2024,10,October,Oct,44,5,31,5,Thursday,1,0,,Current Period,2024,FY24 Q4,2024,20244,202410
20241101,11/1/2024,2024,2024,4,Q4 2024,11,November,Nov,44,1,1,6,Friday,1,0,,Current Period,2024,FY24 Q4,2024,20244,202411
20241102,11/2/2024,2024,2024,4,Q4 2024,11,November,Nov,44,1,2,7,Saturday,0,0,,Current Period,2024,FY24 Q4,2024,20244,202411
20241103,11/3/2024,2024,2024,4,Q4 2024,11,November,Nov,44,1,3,1,Sunday,0,0,,Current Period,2024,FY24 Q4,2024,20244,202411
20241104,11/4/2024,2024,2024,4,Q4 2024,11,November,Nov,45,1,4,2,Monday,1,0,,Current Period,2024,FY24 Q4,2024,20244,202411
20241105,11/5/2024,2024,2024,4,Q4 2024,11,November,Nov,45,1,5,3,Tuesday,1,0,,Current Period,2024,FY24 Q4,2024,20244,202411
20241106,11/6/2024,2024,2024,4,Q4 2024,11,November,Nov,45,1,6,4,Wednesday,1,0,,Current Period,2024,FY24 Q4,2024,20244,202411
20241107,11/7/2024,2024,2024,4,Q4 2024,11,November,Nov,45,1,7,5,Thursday,1,0,,Current Period,2024,FY24 Q4,2024,20244,202411
20241108,11/8/2024,2024,2024,4,Q4 2024,11,November,Nov,45,2,8,6,Friday,1,0,,Current Period,2024,FY24 Q4,2024,20244,202411
20241109,11/9/2024,2024,2024,4,Q4 2024,11,November,Nov,45,2,9,7,Saturday,0,0,,Current Period,2024,FY24 Q4,2024,20244,202411
20241110,11/10/2024,2024,2024,4,Q4 2024,11,November,Nov,45,2,10,1,Sunday,0,0,,Current Period,2024,FY24 Q4,2024,20244,202411
20241111,11/11/2024,2024,2024,4,Q4 2024,11,November,Nov,46,2,11,2,Monday,1,0,,Current Period,2024,FY24 Q4,2024,20244,202411
20241112,11/12/2024,2024,2024,4,Q4 2024,11,November,Nov,46,2,12,3,Tuesday,1,0,,Current Period,2024,FY24 Q4,2024,20244,202411
20241113,11/13/2024,2024,2024,4,Q4 2024,11,November,Nov,46,2,13,4,Wednesday,1,0,,Current Period,2024,FY24 Q4,2024,20244,202411
20241114,11/14/2024,2024,2024,4,Q4 2024,11,November,Nov,46,2,14,5,Thursday,1,0,,Current Period,2024,FY24 Q4,2024,20244,202411
20241115,11/15/2024,2024,2024,4,Q4 2024,11,November,Nov,46,3,15,6,Friday,1,0,,Current Period,2024,FY24 Q4,2024,20244,202411
20241116,11/16/2024,2024,2024,4,Q4 2024,11,November,Nov,46,3,16,7,Saturday,0,0,,Current Period,2024,FY24 Q4,2024,20244,202411
20241117,11/17/2024,2024,2024,4,Q4 2024,11,November,Nov,46,3,17,1,Sunday,0,0,,Current Period,2024,FY24 Q4,2024,20244,202411
20241118,11/18/2024,2024,2024,4,Q4 2024,11,November,Nov,47,3,18,2,Monday,1,0,,Current Period,2024,FY24 Q4,2024,20244,202411
20241119,11/19/2024,2024,2024,4,Q4 2024,11,November,Nov,47,3,19,3,Tuesday,1,0,,Current Period,2024,FY24 Q4,2024,20244,202411
20241120,11/20/2024,2024,2024,4,Q4 2024,11,November,Nov,47,3,20,4,Wednesday,1,0,,Current Period,2024,FY24 Q4,2024,20244,202411
20241121,11/21/2024,2024,2024,4,Q4 2024,11,November,Nov,47,3,21,5,Thursday,1,0,,Current Period,2024,FY24 Q4,2024,20244,202411
20241122,11/22/2024,2024,2024,4,Q4 2024,11,November,Nov,47,4,22,6,Friday,1,0,,Current Period,2024,FY24 Q4,2024,20244,202411
20241123,11/23/2024,2024,2024,4,Q4 2024,11,November,Nov,47,4,23,7,Saturday,0,0,,Current Period,2024,FY24 Q4,2024,20244,202411
20241124,11/24/2024,2024,2024,4,Q4 2024,11,November,Nov,47,4,24,1,Sunday,0,0,,Current Period,2024,FY24 Q4,2024,20244,202411
20241125,11/25/2024,2024,2024,4,Q4 2024,11,November,Nov,48,4,25,2,Monday,1,0,,Current Period,2024,FY24 Q4,2024,20244,202411
20241126,11/26/2024,2024,2024,4,Q4 2024,11,November,Nov,48,4,26,3,Tuesday,1,0,,Current Period,2024,FY24 Q4,2024,20244,202411
20241127,11/27/2024,2024,2024,4,Q4 2024,11,November,Nov,48,4,27,4,Wednesday,1,0,,Current Period,2024,FY24 Q4,2024,20244,202411
20241128,11/28/2024,2024,2024,4,Q4 2024,11,November,Nov,48,4,28,5,Thursday,1,1,Thanksgiving Day,Current Period,2024,FY24 Q4,2024,20244,202411
20241129,11/29/2024,2024,2024,4,Q4 2024,11,November,Nov,48,5,29,6,Friday,1,0,,Current Period,2024,FY24 Q4,2024,20244,202411
20241130,11/30/2024,2024,2024,4,Q4 2024,11,November,Nov,48,5,30,7,Saturday,0,0,,Current Period,2024,FY24 Q4,2024,20244,202411
20241201,12/1/2024,2024,2024,4,Q4 2024,12,December,Dec,48,1,1,1,Sunday,0,0,,Current Period,2024,FY24 Q4,2024,20244,202412
20241202,12/2/2024,2024,2024,4,Q4 2024,12,December,Dec,49,1,2,2,Monday,1,0,,Current Period,2024,FY24 Q4,2024,20244,202412
20241203,12/3/2024,2024,2024,4,Q4 2024,12,December,Dec,49,1,3,3,Tuesday,1,0,,Current Period,2024,FY24 Q4,2024,20244,202412
20241204,12/4/2024,2024,2024,4,Q4 2024,12,December,Dec,49,1,4,4,Wednesday,1,0,,Current Period,2024,FY24 Q4,2024,20244,202412
20241205,12/5/2024,2024,2024,4,Q4 2024,12,December,Dec,49,1,5,5,Thursday,1,0,,Current Period,2024,FY24 Q4,2024,20244,202412
20241206,12/6/2024,2024,2024,4,Q4 2024,12,December,Dec,49,1,6,6,Friday,1,0,,Current Period,2024,FY24 Q4,2024,20244,202412
20241207,12/7/2024,2024,2024,4,Q4 2024,12,December,Dec,49,1,7,7,Saturday,0,0,,Current Period,2024,FY24 Q4,2024,20244,202412
20241208,12/8/2024,2024,2024,4,Q4 2024,12,December,Dec,49,2,8,1,Sunday,0,0,,Current Period,2024,FY24 Q4,2024,20244,202412
20241209,12/9/2024,2024,2024,4,Q4 2024,12,December,Dec,50,2,9,2,Monday,1,0,,Current Period,2024,FY24 Q4,2024,20244,202412
20241210,12/10/2024,2024,2024,4,Q4 2024,12,December,Dec,50,2,10,3,Tuesday,1,0,,Current Period,2024,FY24 Q4,2024,20244,202412
20241211,12/11/2024,2024,2024,4,Q4 2024,12,December,Dec,50,2,11,4,Wednesday,1,0,,Current Period,2024,FY24 Q4,2024,20244,202412
20241212,12/12/2024,2024,2024,4,Q4 2024,12,December,Dec,50,2,12,5,Thursday,1,0,,Current Period,2024,FY24 Q4,2024,20244,202412
20241213,12/13/2024,2024,2024,4,Q4 2024,12,December,Dec,50,2,13,6,Friday,1,0,,Current Period,2024,FY24 Q4,2024,20244,202412
20241214,12/14/2024,2024,2024,4,Q4 2024,12,December,Dec,50,2,14,7,Saturday,0,0,,Current Period,2024,FY24 Q4,2024,20244,202412
20241215,12/15/2024,2024,2024,4,Q4 2024,12,December,Dec,50,3,15,1,Sunday,0,0,,Current Period,2024,FY24 Q4,2024,20244,202412
20241216,12/16/2024,2024,2024,4,Q4 2024,12,December,Dec,51,3,16,2,Monday,1,0,,Current Period,2024,FY24 Q4,2024,20244,202412
20241217,12/17/2024,2024,2024,4,Q4 2024,12,December,Dec,51,3,17,3,Tuesday,1,0,,Current Period,2024,FY24 Q4,2024,20244,202412
20241218,12/18/2024,2024,2024,4,Q4 2024,12,December,Dec,51,3,18,4,Wednesday,1,0,,Current Period,2024,FY24 Q4,2024,20244,202412
20241219,12/19/2024,2024,2024,4,Q4 2024,12,December,Dec,51,3,19,5,Thursday,1,0,,Current Period,2024,FY24 Q4,2024,20244,202412
20241220,12/20/2024,2024,2024,4,Q4 2024,12,December,Dec,51,3,20,6,Friday,1,0,,Current Period,2024,FY24 Q4,2024,20244,202412
20241221,12/21/2024,2024,2024,4,Q4 2024,12,December,Dec,51,3,21,7,Saturday,0,0,,Current Period,2024,FY24 Q4,2024,20244,202412
20241222,12/22/2024,2024,2024,4,Q4 2024,12,December,Dec,51,4,22,1,Sunday,0,0,,Current Period,2024,FY24 Q4,2024,20244,202412
20241223,12/23/2024,2024,2024,4,Q4 2024,12,December,Dec,52,4,23,2,Monday,1,0,,Current Period,2024,FY24 Q4,2024,20244,202412
20241224,12/24/2024,2024,2024,4,Q4 2024,12,December,Dec,52,4,24,3,Tuesday,1,0,,Current Period,2024,FY24 Q4,2024,20244,202412
20241225,12/25/2024,2024,2024,4,Q4 2024,12,December,Dec,52,4,25,4,Wednesday,1,1,Christmas Day,Current Period,2024,FY24 Q4,2024,20244,202412
20241226,12/26/2024,2024,2024,4,Q4 2024,12,December,Dec,52,4,26,5,Thursday,1,0,,Current Period,2024,FY24 Q4,2024,20244,202412
20241227,12/27/2024,2024,2024,4,Q4 2024,12,December,Dec,52,4,27,6,Friday,1,0,,Current Period,2024,FY24 Q4,2024,20244,202412
20241228,12/28/2024,2024,2024,4,Q4 2024,12,December,Dec,52,4,28,7,Saturday,0,0,,Current Period,2024,FY24 Q4,2024,20244,202412
20241229,12/29/2024,2024,2024,4,Q4 2024,12,December,Dec,52,5,29,1,Sunday,0,0,,Current Period,2024,FY24 Q4,2024,20244,202412
20241230,12/30/2024,2024,2024,4,Q4 2024,12,December,Dec,1,5,30,2,Monday,1,0,,Current Period,2024,FY24 Q4,2024,20244,202412
